ID,ladoMSANLEFT,ladoMSANRIGHT,ladocabeceraLEFT,ladocabeceraRIGHT,"Nombre del cable",Filamento
34,"CP 6413487 FIL 1
FCA O045F SPL-1","MSAN 8410-POCT 1-1-1","MSAN 8410-POCT 1-1-1
FCA O045F SPL-1","CP 6413487 FIL 1",6413487,1
35,"CP 6413487 FIL 2
FCA O045F SPL-2","MSAN 8410-POCT 1-1-2","MSAN 8410-POCT 1-1-2
FCA O045F SPL-2","CP 6413487 FIL 2",6413487,2
36,"CP 6413487 FIL 3
FCA O045F SPL-3","MSAN 8410-POCT 1-1-3","MSAN 8410-POCT 1-1-3
FCA O045F SPL-3","CP 6413487 FIL 3",6413487,3
37,"CP 6413487 FIL 25
FCA O050F SPL-1","MSAN 8410-POCT 1-1-4","MSAN 8410-POCT 1-1-4
FCA O050F SPL-1","CP 6413487 FIL 25",6413487,25
38,"CP 6413487 FIL 26
FCA O050F SPL-2","MSAN 8410-POCT 1-1-5","MSAN 8410-POCT 1-1-5
FCA O050F SPL-2","CP 6413487 FIL 26",6413487,26
39,"CP 6413487 FIL 27
FCA O050F SPL-3","MSAN 8410-POCT 1-1-6","MSAN 8410-POCT 1-1-6
FCA O050F SPL-3","CP 6413487 FIL 27",6413487,27
40,"CP 6413487 FIL 28
FCA O050F SPL-4","MSAN 8410-POCT 1-1-7","MSAN 8410-POCT 1-1-7
FCA O050F SPL-4","CP 6413487 FIL 28",6413487,28
41,"CP 6413487 FIL 29
FCA O050F SPL-5","MSAN 8410-POCT 1-1-8","MSAN 8410-POCT 1-1-8
FCA O050F SPL-5","CP 6413487 FIL 29",6413487,29
43,"CE 6411008 FIL 39
FCA LCLFF SPL-109","MSAN 7500-PLCO 1-3-1","MSAN 7500-PLCO 1-3-1
FCA LCLFF SPL-109","CE 6411008 FIL 39",6411008,39
44,"CE 6411008 FIL 40
FCA LCLFF SPL-110","MSAN 7500-PLCO 1-3-2","MSAN 7500-PLCO 1-3-2
FCA LCLFF SPL-110","CE 6411008 FIL 40",6411008,40
45,"CE 6411008 FIL 4
FCA LLRSF SPL-104","MSAN 7500-PLCO 1-3-3","MSAN 7500-PLCO 1-3-3
FCA LLRSF SPL-104","CE 6411008 FIL 4",6411008,4
46,"CE 6411008 FIL 9
FCA LLRSF SPL-105","MSAN 7500-PLCO 1-3-4","MSAN 7500-PLCO 1-3-4
FCA LLRSF SPL-105","CE 6411008 FIL 9",6411008,9
47,"CE 6411008 FIL 10
FCA LLRSF SPL-106","MSAN 7500-PLCO 1-3-5","MSAN 7500-PLCO 1-3-5
FCA LLRSF SPL-106","CE 6411008 FIL 10",6411008,10
48,"CE 6411008 FIL 17
FCA LLRSF SPL-107","MSAN 7500-PLCO 1-3-6","MSAN 7500-PLCO 1-3-6
FCA LLRSF SPL-107","CE 6411008 FIL 17",6411008,17
49,"CE 6411008 FIL 18
FCA LLRSF SPL-108","MSAN 7500-PLCO 1-3-7","MSAN 7500-PLCO 1-3-7
FCA LLRSF SPL-108","CE 6411008 FIL 18",6411008,18
50,"CP 6413507 FIL 23
FCA LBDLF SPL-107","MSAN 7500-PLCO 1-4-2","MSAN 7500-PLCO 1-4-2
FCA LBDLF SPL-107","CP 6413507 FIL 23",6413507,23
52,"CP 6413354 FIL 108
FCA LMPLF SPL-200","MSAN 7500-PLCO 1-6-1","MSAN 7500-PLCO 1-6-1
FCA LMPLF SPL-200","CP 6413354 FIL 108",6413354,108
53,"CP 6413354 FIL 37
FCA ENLPF SPL-200","MSAN 7500-PLCO 1-6-2","MSAN 7500-PLCO 1-6-2
FCA ENLPF SPL-200","CP 6413354 FIL 37",6413354,37
54,"CE 6411008 FIL 26
FCA LLRSF SPL-109","MSAN 7500-PLCO 1-1-2","MSAN 7500-PLCO 1-1-2
FCA LLRSF SPL-109","CE 6411008 FIL 26",6411008,26
55,"CE 6411008 FIL 27
FCA LLRSF SPL-110","MSAN 7500-PLCO 1-1-3","MSAN 7500-PLCO 1-1-3
FCA LLRSF SPL-110","CE 6411008 FIL 27",6411008,27
56,"CP 6413354 FIL 101
FCA LMPF SPL-102","MSAN 7500-PLCO 1-1-4","MSAN 7500-PLCO 1-1-4
FCA LMPF SPL-102","CP 6413354 FIL 101",6413354,101
57,"CP 6413354 FIL 102
FCA LMPF SPL-103","MSAN 7500-PLCO 1-1-5","MSAN 7500-PLCO 1-1-5
FCA LMPF SPL-103","CP 6413354 FIL 102",6413354,102
58,"CP 6413354 FIL 104
FCA LMPF SPL-105","MSAN 7500-PLCO 1-1-13","MSAN 7500-PLCO 1-1-13
FCA LMPF SPL-105","CP 6413354 FIL 104",6413354,104
59,"CP 6413354 FIL 99
FCA LMPF SPL-3","MSAN 7500-PLCO 1-1-14","MSAN 7500-PLCO 1-1-14
FCA LMPF SPL-3","CP 6413354 FIL 99",6413354,99
60,"CP 6413354 FIL 105
FCA LMPF SPL-106","MSAN 7500-PLCO 1-1-15","MSAN 7500-PLCO 1-1-15
FCA LMPF SPL-106","CP 6413354 FIL 105",6413354,105
61,"CP 6413491 FIL 1
FCA O048F SPL-1","MSAN 8409-LGRN 1-1-1","MSAN 8409-LGRN 1-1-1
FCA O048F SPL-1","CP 6413491 FIL 1",6413491,1
62,"CE 6413288 FIL 1
FCA SPBLF SPL-1","MSAN 8401-SPBL 1-1-1","MSAN 8401-SPBL 1-1-1
FCA SPBLF SPL-1","CE 6413288 FIL 1",6413288,1
63,"CE 6411008 FIL 25
FCA LLRSF SPL-108","MSAN 7500-PLCO 1-1-1","MSAN 7500-PLCO 1-1-1
FCA LLRSF SPL-108","CE 6411008 FIL 25",6411008,25
64,"CP 6413354 FIL 54
FCA MKOLF SPL-6","MSAN 7500-PLCO 1-2-1","MSAN 7500-PLCO 1-2-1
FCA MKOLF SPL-6","CP 6413354 FIL 54",6413354,54
65,"CP 6413507 FIL 22
FCA LBDLF SPL-106","MSAN 7500-PLCO 1-4-1","MSAN 7500-PLCO 1-4-1
FCA LBDLF SPL-106","CP 6413507 FIL 22",6413507,22
66,"CP 6413507 FIL 24
FCA LBDLF SPL-108","MSAN 7500-PLCO 1-4-3","MSAN 7500-PLCO 1-4-3
FCA LBDLF SPL-108","CP 6413507 FIL 24",6413507,24
67,"CP 6413507 FIL 25
FCA LBDLF SPL-109","MSAN 7500-PLCO 1-4-4","MSAN 7500-PLCO 1-4-4
FCA LBDLF SPL-109","CP 6413507 FIL 25",6413507,25
68,"CP 6413507 FIL 26
FCA LBDLF SPL-110","MSAN 7500-PLCO 1-4-5","MSAN 7500-PLCO 1-4-5
FCA LBDLF SPL-110","CP 6413507 FIL 26",6413507,26
69,"CP 6413507 FIL 27
FCA LBDLF SPL-111","MSAN 7500-PLCO 1-4-6","MSAN 7500-PLCO 1-4-6
FCA LBDLF SPL-111","CP 6413507 FIL 27",6413507,27
70,"CP 6413507 FIL 28
FCA LBDLF SPL-112","MSAN 7500-PLCO 1-4-7","MSAN 7500-PLCO 1-4-7
FCA LBDLF SPL-112","CP 6413507 FIL 28",6413507,28
71,"CP 6413507 FIL 10
FCA LBDLF SPL-10","MSAN 7500-PLCO 1-4-8","MSAN 7500-PLCO 1-4-8
FCA LBDLF SPL-10","CP 6413507 FIL 10",6413507,10
72,"CP 6413507 FIL 11
FCA LBDLF SPL-11","MSAN 7500-PLCO 1-4-9","MSAN 7500-PLCO 1-4-9
FCA LBDLF SPL-11","CP 6413507 FIL 11",6413507,11
73,"CP 6413507 FIL 12
FCA LBDLF SPL-12","MSAN 7500-PLCO 1-4-10","MSAN 7500-PLCO 1-4-10
FCA LBDLF SPL-12","CP 6413507 FIL 12",6413507,12
74,"CP 6413507 FIL 13
FCA LBDLF SPL-13","MSAN 7500-PLCO 1-4-11","MSAN 7500-PLCO 1-4-11
FCA LBDLF SPL-13","CP 6413507 FIL 13",6413507,13
75,"CP 6413507 FIL 14
FCA LBDLF SPL-14","MSAN 7500-PLCO 1-4-12","MSAN 7500-PLCO 1-4-12
FCA LBDLF SPL-14","CP 6413507 FIL 14",6413507,14
76,"CP 6413507 FIL 15
FCA LBDLF SPL-15","MSAN 7500-PLCO 1-4-13","MSAN 7500-PLCO 1-4-13
FCA LBDLF SPL-15","CP 6413507 FIL 15",6413507,15
77,"CP 6413507 FIL 16
FCA LBDLF SPL-16","MSAN 7500-PLCO 1-4-14","MSAN 7500-PLCO 1-4-14
FCA LBDLF SPL-16","CP 6413507 FIL 16",6413507,16
78,"CP 6413354 FIL 75
FCA O025F SPL-3","MSAN 7500-PLCO 1-4-15","MSAN 7500-PLCO 1-4-15
FCA O025F SPL-3","CP 6413354 FIL 75",6413354,75
79,"CP 6413507 FIL 76
FCA O025F SPL-4","MSAN 7500-PLCO 1-4-16","MSAN 7500-PLCO 1-4-16
FCA O025F SPL-4","CP 6413507 FIL 76",6413507,76
80,"CP 6413354 FIL 56
FCA MKOLF SPL-101","MSAN 7500-PLCO 1-3-8","MSAN 7500-PLCO 1-3-8
FCA MKOLF SPL-101","CP 6413354 FIL 56",6413354,56
81,"CP 6413354 FIL 29
FCA EPLCF SPL-5","MSAN 7500-PLCO 1-3-9","MSAN 7500-PLCO 1-3-9
FCA EPLCF SPL-5","CP 6413354 FIL 29",6413354,29
82,"CP 6413354 FIL 73
FCA O025F SPL-1","MSAN 7500-PLCO 1-3-10","MSAN 7500-PLCO 1-3-10
FCA O025F SPL-1","CP 6413354 FIL 73",6413354,73
83,"CP 6413354 FIL 74
FCA O025F SPL-2","MSAN 7500-PLCO 1-3-11","MSAN 7500-PLCO 1-3-11
FCA O025F SPL-2","CP 6413354 FIL 74",6413354,74
84,"CP 6413354 FIL 5
FCA CRDMF SPL-5","MSAN 7500-PLCO 1-3-12","MSAN 7500-PLCO 1-3-12
FCA CRDMF SPL-5","CP 6413354 FIL 5",6413354,5
85,"CP 6413354 FIL 30
FCA EPLCF SPL-6","MSAN 7500-PLCO 1-3-13","MSAN 7500-PLCO 1-3-13
FCA EPLCF SPL-6","CP 6413354 FIL 30",6413354,30
86,"CP 6413507 FIL 19
FCA LBDLF SPL-103","MSAN 7500-PLCO 1-3-14","MSAN 7500-PLCO 1-3-14
FCA LBDLF SPL-103","CP 6413507 FIL 19",6413507,19
87,"CP 6413507 FIL 20
FCA LBDLF SPL-104","MSAN 7500-PLCO 1-3-15","MSAN 7500-PLCO 1-3-15
FCA LBDLF SPL-104","CP 6413507 FIL 20",6413507,20
88,"CP 6413507 FIL 21
FCA LBDLF SPL-105","MSAN 7500-PLCO 1-3-16","MSAN 7500-PLCO 1-3-16
FCA LBDLF SPL-105","CP 6413507 FIL 21",6413507,21
89,"CP 6413354 FIL 55
FCA MKOLF SPL-7","MSAN 7500-PLCO 1-2-2","MSAN 7500-PLCO 1-2-2
FCA MKOLF SPL-7","CP 6413354 FIL 55",6413354,55
90,"CP 6413354 FIL 28
FCA EPLCF SPL-4","MSAN 7500-PLCO 1-2-3","MSAN 7500-PLCO 1-2-3
FCA EPLCF SPL-4","CP 6413354 FIL 28",6413354,28
91,"CP 6413354 FIL 4
FCA CRDMF SPL-4","MSAN 7500-PLCO 1-2-4","MSAN 7500-PLCO 1-2-4
FCA CRDMF SPL-4","CP 6413354 FIL 4",6413354,4
92,"CE 6413463 FIL 4
FCA AVDLF SPL-101","MSAN 7500-PLCO 1-2-5","MSAN 7500-PLCO 1-2-5
FCA AVDLF SPL-101","CE 6413463 FIL 4",6413463,4
93,"CE 6413463 FIL 5
FCA AVDLF SPL-102","MSAN 7500-PLCO 1-2-6","MSAN 7500-PLCO 1-2-6
FCA AVDLF SPL-102","CE 6413463 FIL 5",6413463,5
94,"CE 6413463 FIL 6
FCA AVDLF SPL-103","MSAN 7500-PLCO 1-2-7","MSAN 7500-PLCO 1-2-7
FCA AVDLF SPL-103","CE 6413463 FIL 6",6413463,6
95,"CE 6413463 FIL 8
FCA OS02F SPL-102","MSAN 7500-PLCO 1-2-8","MSAN 7500-PLCO 1-2-8
FCA OS02F SPL-102","CE 6413463 FIL 8",6413463,8
96,"CE 6413463 FIL 9
FCA OS02F SPL-103","MSAN 7500-PLCO 1-2-9","MSAN 7500-PLCO 1-2-9
FCA OS02F SPL-103","CE 6413463 FIL 9",6413463,9
97,"CE 6413463 FIL 11
FCA OS02F SPL-104","MSAN 7500-PLCO 1-2-10","MSAN 7500-PLCO 1-2-10
FCA OS02F SPL-104","CE 6413463 FIL 11",6413463,11
98,"CE 6413463 FIL 12
FCA OS02F SPL-105","MSAN 7500-PLCO 1-2-11","MSAN 7500-PLCO 1-2-11
FCA OS02F SPL-105","CE 6413463 FIL 12",6413463,12
99,"CE 6411008 FIL 32
FCA LCLFF SPL-103","MSAN 7500-PLCO 1-2-12","MSAN 7500-PLCO 1-2-12
FCA LCLFF SPL-103","CE 6411008 FIL 32",6411008,32
100,"CE 6411008 FIL 33
FCA LCLFF SPL-104","MSAN 7500-PLCO 1-2-13","MSAN 7500-PLCO 1-2-13
FCA LCLFF SPL-104","CE 6411008 FIL 33",6411008,33
101,"CE 6411008 FIL 34
FCA LCLFF SPL-105","MSAN 7500-PLCO 1-2-14","MSAN 7500-PLCO 1-2-14
FCA LCLFF SPL-105","CE 6411008 FIL 34",6411008,34
102,"CE 6411008 FIL 35
FCA LCLFF SPL-106","MSAN 7500-PLCO 1-2-15","MSAN 7500-PLCO 1-2-15
FCA LCLFF SPL-106","CE 6411008 FIL 35",6411008,35
103,"CE 6411008 FIL 36
FCA LCLFF SPL-107","MSAN 7500-PLCO 1-2-16","MSAN 7500-PLCO 1-2-16
FCA LCLFF SPL-107","CE 6411008 FIL 36",6411008,36
104,"CE 6413288 FIL 2
FCA SPBLF SPL-2","MSAN 8401-SPBL 1-1-2","MSAN 8401-SPBL 1-1-2
FCA SPBLF SPL-2","CE 6413288 FIL 2",6413288,2
105,"CE 6413288 FIL 3
FCA SPBLF SPL-3","MSAN 8401-SPBL 1-1-3","MSAN 8401-SPBL 1-1-3
FCA SPBLF SPL-3","CE 6413288 FIL 3",6413288,3
106,"CE 6413288 FIL 4
FCA SPBLF SPL-4","MSAN 8401-SPBL 1-1-4","MSAN 8401-SPBL 1-1-4
FCA SPBLF SPL-4","CE 6413288 FIL 4",6413288,4
107,"CE 6413288 FIL 7
FCA SPBLF SPL-7","MSAN 8401-SPBL 1-1-7","MSAN 8401-SPBL 1-1-7
FCA SPBLF SPL-7","CE 6413288 FIL 7",6413288,7
108,"CE 6413288 FIL 8
FCA SPBLF SPL-8","MSAN 8401-SPBL 1-1-8","MSAN 8401-SPBL 1-1-8
FCA SPBLF SPL-8","CE 6413288 FIL 8",6413288,8
109,"CP 6413491 FIL 2
FCA O048F SPL-2","MSAN 8409-LGRN 1-1-2","MSAN 8409-LGRN 1-1-2
FCA O048F SPL-2","CP 6413491 FIL 2",6413491,2
110,"CP 6413491 FIL 3
FCA O048F SPL-3","MSAN 8409-LGRN 1-1-3","MSAN 8409-LGRN 1-1-3
FCA O048F SPL-3","CP 6413491 FIL 3",6413491,3
111,"CP 6413491 FIL 4
FCA O048F SPL-4","MSAN 8409-LGRN 1-1-4","MSAN 8409-LGRN 1-1-4
FCA O048F SPL-4","CP 6413491 FIL 4",6413491,4
112,"CP 6413491 FIL 25
FCA O049F SPL-1","MSAN 8409-LGRN 1-1-5","MSAN 8409-LGRN 1-1-5
FCA O049F SPL-1","CP 6413491 FIL 25",6413491,25
113,"CP 6413491 FIL 26
FCA O049F SPL-2","MSAN 8409-LGRN 1-1-6","MSAN 8409-LGRN 1-1-6
FCA O049F SPL-2","CP 6413491 FIL 26",6413491,26
114,"CP 6413491 FIL 27
FCA O049F SPL-3","MSAN 8409-LGRN 1-1-7","MSAN 8409-LGRN 1-1-7
FCA O049F SPL-3","CP 6413491 FIL 27",6413491,27
115,"CP 6413491 FIL 28
FCA O049F SPL-4","MSAN 8409-LGRN 1-1-8","MSAN 8409-LGRN 1-1-8
FCA O049F SPL-4","CP 6413491 FIL 28",6413491,28
116,"CP 6413587 FIL 49
FCA O100F SPL-1","MSAN 8409-LGRN 1-2-8","MSAN 8409-LGRN 1-2-8
FCA O100F SPL-1","CP 6413587 FIL 49",6413587,49
117,"CP 6413587 FIL 7
FCA O102F SPL-1","MSAN 8409-LGRN 1-3-3","MSAN 8409-LGRN 1-3-3
FCA O102F SPL-1","CP 6413587 FIL 7",6413587,7
118,"CP 6413587 FIL 8
FCA O102F SPL-2","MSAN 8409-LGRN 1-3-4","MSAN 8409-LGRN 1-3-4
FCA O102F SPL-2","CP 6413587 FIL 8",6413587,8
119,"CP 6413587 FIL 1
FCA O103F SPL-1","MSAN 8409-LGRN 1-3-5","MSAN 8409-LGRN 1-3-5
FCA O103F SPL-1","CP 6413587 FIL 1",6413587,1
120,"CP 6413587 FIL 2
FCA O103F SPL-2","MSAN 8409-LGRN 1-3-6","MSAN 8409-LGRN 1-3-6
FCA O103F SPL-2","CP 6413587 FIL 2",6413587,2
121,"CP 6413487 FIL 49
FCA FCA O051F SPL-1","MSAN 8410-POCT 1-2-1","MSAN 8410-POCT 1-2-1
FCA FCA O051F SPL-1","CP 6413487 FIL 49",6413487,49
122,"CP 6413487 FIL 50
FCA FCA O051F SPL-2","MSAN 8410-POCT 1-2-2","MSAN 8410-POCT 1-2-2
FCA FCA O051F SPL-2","CP 6413487 FIL 50",6413487,50
123,"CP 6413487 FIL 51
FCA FCA O051F SPL-3","MSAN 8410-POCT 1-2-3","MSAN 8410-POCT 1-2-3
FCA FCA O051F SPL-3","CP 6413487 FIL 51",6413487,51
124,"CP 6413487 FIL 52
FCA FCA O051F SPL-4","MSAN 8410-POCT 1-2-4","MSAN 8410-POCT 1-2-4
FCA FCA O051F SPL-4","CP 6413487 FIL 52",6413487,52
125,"CP 6413487 FIL 53
FCA FCA O051F SPL-5","MSAN 8410-POCT 1-2-5","MSAN 8410-POCT 1-2-5
FCA FCA O051F SPL-5","CP 6413487 FIL 53",6413487,53
126,"CP 6413487 FIL 54
FCA FCA O051F SPL-6","MSAN 8410-POCT 1-2-6","MSAN 8410-POCT 1-2-6
FCA FCA O051F SPL-6","CP 6413487 FIL 54",6413487,54
127,"CP 6413368 FIL 31
FCA OS05 SPL-101","MSAN 8413-OSRN 1-4-1","MSAN 8413-OSRN 1-4-1
FCA OS05 SPL-101","CP 6413368 FIL 31",6413368,31
128,"FOT T/N LUNN FIL 13
FCA O056F SPL-1","MSAN 8414-LUNN 1-1-1","MSAN 8414-LUNN 1-1-1
FCA O056F SPL-1","FOT T/N LUNN FIL 13","T/N LUNN",13
129,"FOT T/N LUNN FIL 14
FCA O056F SPL-1","MSAN 8414-LUNN 1-1-2","MSAN 8414-LUNN 1-1-2
FCA O056F SPL-1","FOT T/N LUNN FIL 14","T/N LUNN",14
130,"FOT T/N LUNN FIL 15
FCA O056F SPL-3","MSAN 8414-LUNN 1-1-3","MSAN 8414-LUNN 1-1-3
FCA O056F SPL-3","FOT T/N LUNN FIL 15","T/N LUNN",15
131,"FOT T/N LUNN FIL 16
FCA O056F SPL-4","MSAN 8414-LUNN 1-2-15","MSAN 8414-LUNN 1-2-15
FCA O056F SPL-4","FOT T/N LUNN FIL 16","T/N LUNN",16
132,"CP 6413511 FIL 49
FCA O060F SPL-1","MSAN 8417-PTNV 1-1-1","MSAN 8417-PTNV 1-1-1
FCA O060F SPL-1","CP 6413511 FIL 49",6413511,49
133,"CP 6413511 FIL 50
FCA O060F SPL-2","MSAN 8417-PTNV 1-1-2","MSAN 8417-PTNV 1-1-2
FCA O060F SPL-2","CP 6413511 FIL 50",6413511,50
134,"CP 6413511 FIL 51
FCA O060F SPL-3","MSAN 8417-PTNV 1-1-3","MSAN 8417-PTNV 1-1-3
FCA O060F SPL-3","CP 6413511 FIL 51",6413511,51
135,"CP 6413511 FIL 1
FCA O061F SPL-1","MSAN 8417-PTNV 1-1-4","MSAN 8417-PTNV 1-1-4
FCA O061F SPL-1","CP 6413511 FIL 1",6413511,1
136,"CP 6413511 FIL 2
FCA O061F SPL-2","MSAN 8417-PTNV 1-1-5","MSAN 8417-PTNV 1-1-5
FCA O061F SPL-2","CP 6413511 FIL 2",6413511,2
137,"CP 6413511 FIL 3
FCA O061F SPL-3","MSAN 8417-PTNV 1-1-6","MSAN 8417-PTNV 1-1-6
FCA O061F SPL-3","CP 6413511 FIL 3",6413511,3
138,"CP 6413511 FIL 97
FCA O077F SPL-1","MSAN 8417-PTNV 1-1-7","MSAN 8417-PTNV 1-1-7
FCA O077F SPL-1","CP 6413511 FIL 97",6413511,97
139,"CP 6413511 FIL 98
FCA O077F SPL-2","MSAN 8417-PTNV 1-1-8","MSAN 8417-PTNV 1-1-8
FCA O077F SPL-2","CP 6413511 FIL 98",6413511,98
140,"FOT Troncal N/S CCRO FIL 7
FCA O080F SPL-1","MSAN 8419-CCRO 1-1-1","MSAN 8419-CCRO 1-1-1
FCA O080F SPL-1","FOT Troncal N/S CCRO FIL 7","Troncal N/S CCRO",7
141,"FOT Troncal N/S CCRO FIL 8
FCA O080F SPL-2","MSAN 8419-CCRO 1-1-2","MSAN 8419-CCRO 1-1-2
FCA O080F SPL-2","FOT Troncal N/S CCRO FIL 8","Troncal N/S CCRO",8
142,"FOT Troncal N/S CCRO FIL 9
FCA O080F SPL-3","MSAN 8419-CCRO 1-1-3","MSAN 8419-CCRO 1-1-3
FCA O080F SPL-3","FOT Troncal N/S CCRO FIL 9","Troncal N/S CCRO",9
143,"CP 6413592 FIL 1
FCA O081F SPL-1","MSAN 8419-CCRO 1-1-4","MSAN 8419-CCRO 1-1-4
FCA O081F SPL-1","CP 6413592 FIL 1",6413592,1
144,"CP 6413592 FIL 2
FCA O081F SPL-2","MSAN 8419-CCRO 1-1-5","MSAN 8419-CCRO 1-1-5
FCA O081F SPL-2","CP 6413592 FIL 2",6413592,2
145,"CP 6413592 FIL 3
FCA O081F SPL-3","MSAN 8419-CCRO 1-1-6","MSAN 8419-CCRO 1-1-6
FCA O081F SPL-3","CP 6413592 FIL 3",6413592,3
146,"CP 6413592 FIL 4
FCA O081F SPL-4","MSAN 8419-CCRO 1-1-7","MSAN 8419-CCRO 1-1-7
FCA O081F SPL-4","CP 6413592 FIL 4",6413592,4
147,"CP 6413592 FIL 5
FCA O081F SPL-5","MSAN 8419-CCRO 1-1-8","MSAN 8419-CCRO 1-1-8
FCA O081F SPL-5","CP 6413592 FIL 5",6413592,5
148,"CP 6413592 FIL 25
FCA O091F SPL-1","MSAN 8419-CCRO 1-1-9","MSAN 8419-CCRO 1-1-9
FCA O091F SPL-1","CP 6413592 FIL 25",6413592,25
149,"CP 6413592 FIL 26
FCA O091F SPL-2","MSAN 8419-CCRO 1-1-10","MSAN 8419-CCRO 1-1-10
FCA O091F SPL-2","CP 6413592 FIL 26",6413592,26
150,"CP 6413592 FIL 27
FCA O091F SPL-3","MSAN 8419-CCRO 1-1-11","MSAN 8419-CCRO 1-1-11
FCA O091F SPL-3","CP 6413592 FIL 27",6413592,27
151,"CP 6413592 FIL 28
FCA O091F SPL-4","MSAN 8419-CCRO 1-1-12","MSAN 8419-CCRO 1-1-12
FCA O091F SPL-4","CP 6413592 FIL 28",6413592,28
152,"FOT Troncal N/S CCRO FIL 10
FCA O080F SPL-4","MSAN 8419-CCRO 1-1-13","MSAN 8419-CCRO 1-1-13
FCA O080F SPL-4","FOT Troncal N/S CCRO FIL 10","Troncal N/S CCRO",10
153,"FOT Troncal N/S CCRO FIL 11
FCA O114F SPL-1","MSAN 8419-CCRO 1-1-14","MSAN 8419-CCRO 1-1-14
FCA O114F SPL-1","FOT Troncal N/S CCRO FIL 11","Troncal N/S CCRO",11
154,"FOT 6413515 FIL 19
FCA O075F SPL-1","MSAN 8420-HLLN 1-1-1","MSAN 8420-HLLN 1-1-1
FCA O075F SPL-1","FOT 6413515 FIL 19",6413515,19
155,"FOT 6413515 FIL 20
FCA O075F SPL-2","MSAN 8420-HLLN 1-1-2","MSAN 8420-HLLN 1-1-2
FCA O075F SPL-2","FOT 6413515 FIL 20",6413515,20
156,"FOT 6413515 FIL 21
FCA O075F SPL-3","MSAN 8420-HLLN 1-1-3","MSAN 8420-HLLN 1-1-3
FCA O075F SPL-3","FOT 6413515 FIL 21",6413515,21
157,"FOT 6413515 FIL 22
FCA O075F SPL-4","MSAN 8420-HLLN 1-1-4","MSAN 8420-HLLN 1-1-4
FCA O075F SPL-4","FOT 6413515 FIL 22",6413515,22
158,"FOT 6413515 FIL 23
FCA O075F SPL-5","MSAN 8420-HLLN 1-1-5","MSAN 8420-HLLN 1-1-5
FCA O075F SPL-5","FOT 6413515 FIL 23",6413515,23
163,"CP 6413122 FIL 123
FCA RA06F SPL-3","MSAN 9489-RAHU 1-1-1","MSAN 9489-RAHU 1-1-1
FCA RA06F SPL-3","CP 6413122 FIL 123",6413122,123
164,"CP 6413122 FIL 8
FCA POSRF SPL-8","MSAN 9489-RAHU 1-1-2","MSAN 9489-RAHU 1-1-2
FCA POSRF SPL-8","CP 6413122 FIL 8",6413122,8
165,"CP 6413122 FIL 52
FCA BCLNF SPL-4","MSAN 9489-RAHU 1-1-3","MSAN 9489-RAHU 1-1-3
FCA BCLNF SPL-4","CP 6413122 FIL 52",6413122,52
166,"CP 6413120 FIL 76
FCA AZPAF SPL-3","MSAN 9489-RAHU 1-1-4","MSAN 9489-RAHU 1-1-4
FCA AZPAF SPL-3","CP 6413120 FIL 76",6413120,76
167,"CP 6413120 FIL 5
FCA FRFSF SPL-5","MSAN 9489-RAHU 1-2-1","MSAN 9489-RAHU 1-2-1
FCA FRFSF SPL-5","CP 6413120 FIL 5",6413120,5
168,"CP 6413121 FIL 52
FCA RA01F SPL-4","MSAN 9489-RAHU 1-2-2","MSAN 9489-RAHU 1-2-2
FCA RA01F SPL-4","CP 6413121 FIL 52",6413121,52
169,"CP 6413121 FIL 124
FCA RA11F SPL-4","MSAN 9489-RAHU 1-2-4","MSAN 9489-RAHU 1-2-4
FCA RA11F SPL-4","CP 6413121 FIL 124",6413121,124
170,"CP 6413122 FIL 121
FCA RA06F SPL-1","MSAN 9489-RAHU 1-3-1","MSAN 9489-RAHU 1-3-1
FCA RA06F SPL-1","CP 6413122 FIL 121",6413122,121
171,"CP 6413122 FIL 26
FCA LMSNF SPL-2","MSAN 9489-RAHU 1-3-2","MSAN 9489-RAHU 1-3-2
FCA LMSNF SPL-2","CP 6413122 FIL 26",6413122,26
172,"CP 6413122 FIL 9
FCA POSRF SPL-9","MSAN 9489-RAHU 1-3-3","MSAN 9489-RAHU 1-3-3
FCA POSRF SPL-9","CP 6413122 FIL 9",6413122,9
173,"CP 6413064 FIL 47
FCA RA08F SPL-3","MSAN 9489-RAHU 1-3-4","MSAN 9489-RAHU 1-3-4
FCA RA08F SPL-3","CP 6413064 FIL 47",6413064,47
174,"CP 6413120 FIL 6
FCA FRSRF SPL-6","MSAN 9489-RAHU 1-4-1","MSAN 9489-RAHU 1-4-1
FCA FRSRF SPL-6","CP 6413120 FIL 6",6413120,6
175,"CP 6413122 FIL 28
FCA LMSNF SPL-4","MSAN 9489-RAHU 1-4-2","MSAN 9489-RAHU 1-4-2
FCA LMSNF SPL-4","CP 6413122 FIL 28",6413122,28
176,"CP 6413122 FIL 29
FCA LMSNF SPL-5","MSAN 9489-RAHU 1-4-3","MSAN 9489-RAHU 1-4-3
FCA LMSNF SPL-5","CP 6413122 FIL 29",6413122,29
177,"CP 6413120 FIL 9
FCA FRSRF SPL-9","MSAN 9489-RAHU 1-4-4","MSAN 9489-RAHU 1-4-4
FCA FRSRF SPL-9","CP 6413120 FIL 9",6413120,9
178,"CP 6413122 FIL 86
FCA RA12F SPL-107","MSAN 9489-RAHU 1-5-1","MSAN 9489-RAHU 1-5-1
FCA RA12F SPL-107","CP 6413122 FIL 86",6413122,86
179,"CP 6413121 FIL 99
FCA RA03F SPL-3","MSAN 9489-RAHU 1-5-2","MSAN 9489-RAHU 1-5-2
FCA RA03F SPL-3","CP 6413121 FIL 99",6413121,99
180,"CP 6413122 FIL 124
FCA RA06F SPL-4","MSAN 9489-RAHU 1-5-3","MSAN 9489-RAHU 1-5-3
FCA RA06F SPL-4","CP 6413122 FIL 124",6413122,124
181,"CP 6413122 FIL 30
FCA LMSNF SPL-6","MSAN 9489-RAHU 1-5-4","MSAN 9489-RAHU 1-5-4
FCA LMSNF SPL-6","CP 6413122 FIL 30",6413122,30
182,"CP 6413122 FIL 125
FCA RA06F SPL-5","MSAN 9489-RAHU 1-7-1","MSAN 9489-RAHU 1-7-1
FCA RA06F SPL-5","CP 6413122 FIL 125",6413122,125
183,"CP 6413121 FIL 53
FCA RA01F SPL-5","MSAN 9489-RAHU 1-7-2","MSAN 9489-RAHU 1-7-2
FCA RA01F SPL-5","CP 6413121 FIL 53",6413121,53
184,"CP 6413122 FIL 53
FCA BCLNF SPL-5","MSAN 9489-RAHU 1-7-3","MSAN 9489-RAHU 1-7-3
FCA BCLNF SPL-5","CP 6413122 FIL 53",6413122,53
185,"CP 6413122 FIL 31
FCA LMSNF SPL-7","MSAN 9489-RAHU 1-7-4","MSAN 9489-RAHU 1-7-4
FCA LMSNF SPL-7","CP 6413122 FIL 31",6413122,31
186,"CP 6413120 FIL 25
FCA JSOLF SPL-1","MSAN 9489-RAHU 1-8-1","MSAN 9489-RAHU 1-8-1
FCA JSOLF SPL-1","CP 6413120 FIL 25",6413120,25
187,"CP 6413270 FIL 78
FCA POS2F SPL-6","MSAN 9489-RAHU 1-8-2","MSAN 9489-RAHU 1-8-2
FCA POS2F SPL-6","CP 6413270 FIL 78",6413270,78
188,"CP 6413120 FIL 26
FCA JSOLF SPL-2","MSAN 9489-RAHU 1-8-3","MSAN 9489-RAHU 1-8-3
FCA JSOLF SPL-2","CP 6413120 FIL 26",6413120,26
189,"CP 6413122 FIL 138
FCA RA06F SPL-110","MSAN 9489-RAHU 1-8-4","MSAN 9489-RAHU 1-8-4
FCA RA06F SPL-110","CP 6413122 FIL 138",6413122,138
190,"CP 6413120 FIL 7
FCA FRSRF SPL-7","MSAN 9489-RAHU 1-9-1","MSAN 9489-RAHU 1-9-1
FCA FRSRF SPL-7","CP 6413120 FIL 7",6413120,7
191,"CP 6413064 FIL 48
FCA RA08F SPL-4","MSAN 9489-RAHU 1-9-2","MSAN 9489-RAHU 1-9-2
FCA RA08F SPL-4","CP 6413064 FIL 48",6413064,48
192,"CP 6413121 FIL 125
FCA RA11F SPL-5","MSAN 9489-RAHU 1-9-4","MSAN 9489-RAHU 1-9-4
FCA RA11F SPL-5","CP 6413121 FIL 125",6413121,125
193,"CP 6413120 FIL 27
FCA JSOLF SPL-3","MSAN 9489-RAHU 1-2-1","MSAN 9489-RAHU 1-2-1
FCA JSOLF SPL-3","CP 6413120 FIL 27",6413120,27
194,"CP 6413270 FIL 17
FCA VLATF SPL-5","MSAN 9489-RAHU 1-2-2","MSAN 9489-RAHU 1-2-2
FCA VLATF SPL-5","CP 6413270 FIL 17",6413270,17
195,"CE C/E STx-MDF FIL 1
FCA RAHUF SPL-1","MSAN 9489-RAHU 1-2-3","MSAN 9489-RAHU 1-2-3
FCA RAHUF SPL-1","CE C/E STx-MDF FIL 1","C/E STx-MDF",1
196,"CE C/E STx-MDF FIL 2
FCA RAHUF SPL-2","MSAN 9489-RAHU 1-2-4","MSAN 9489-RAHU 1-2-4
FCA RAHUF SPL-2","CE C/E STx-MDF FIL 2","C/E STx-MDF",2
197,"CP 6413120 FIL 110
FCA RA05F SPL-2","MSAN 9489-RAHU 1-3-1","MSAN 9489-RAHU 1-3-1
FCA RA05F SPL-2","CP 6413120 FIL 110",6413120,110
198,"CP 6413270 FIL 4
FCA VLPCF SPL-4","MSAN 9489-RAHU 1-3-2","MSAN 9489-RAHU 1-3-2
FCA VLPCF SPL-4","CP 6413270 FIL 4",6413270,4
199,"CP 6413121 FIL 100
FCA RA03F SPL-4","MSAN 9489-RAHU 1-3-3","MSAN 9489-RAHU 1-3-3
FCA RA03F SPL-4","CP 6413121 FIL 100",6413121,100
200,"CP 6413270 FIL 18
FCA VLATF SPL-6","MSAN 9489-RAHU 1-3-4","MSAN 9489-RAHU 1-3-4
FCA VLATF SPL-6","CP 6413270 FIL 18",6413270,18
201,"CP 6413120 FIL 77
FCA AZPAF SPL-4","MSAN 9489-RAHU 1-4-1","MSAN 9489-RAHU 1-4-1
FCA AZPAF SPL-4","CP 6413120 FIL 77",6413120,77
202,"CP 6413122 FIL 54
FCA BCLNF SPL-6","MSAN 9489-RAHU 1-4-2","MSAN 9489-RAHU 1-4-2
FCA BCLNF SPL-6","CP 6413122 FIL 54",6413122,54
203,"CP 6413064 FIL 114
FCA RA10F SPL-6","MSAN 9489-RAHU 1-4-3","MSAN 9489-RAHU 1-4-3
FCA RA10F SPL-6","CP 6413064 FIL 114",6413064,114
204,"CP 6413121 FIL 126
FCA RA11F SPL-6","MSAN 9489-RAHU 1-4-4","MSAN 9489-RAHU 1-4-4
FCA RA11F SPL-6","CP 6413121 FIL 126",6413121,126
205,"CP 6413122 FIL 97
FCA ATOSF SPL-1","MSAN 9472-RAHU 1-1-1","MSAN 9472-RAHU 1-1-1
FCA ATOSF SPL-1","CP 6413122 FIL 97",6413122,97
206,"CP 6413122 FIL 98
FCA ATOSF SPL-2","MSAN 9472-RAHU 1-1-2","MSAN 9472-RAHU 1-1-2
FCA ATOSF SPL-2","CP 6413122 FIL 98",6413122,98
207,"CP 6413122 FIL 99
FCA ATOSF SPL-3","MSAN 9472-RAHU 1-1-3","MSAN 9472-RAHU 1-1-3
FCA ATOSF SPL-3","CP 6413122 FIL 99",6413122,99
208,"CP 6413064 FIL 109
FCA RA10F SPL-1","MSAN 9472-RAHU 1-1-4","MSAN 9472-RAHU 1-1-4
FCA RA10F SPL-1","CP 6413064 FIL 109",6413064,109
209,"CP 6413064 FIL 5
FCA RA09F SPL-1","MSAN 9472-RAHU 1-2-1","MSAN 9472-RAHU 1-2-1
FCA RA09F SPL-1","CP 6413064 FIL 5",6413064,5
210,"CP 6413122 FIL 100
FCA ATOSF SPL-4","MSAN 9472-RAHU 1-2-2","MSAN 9472-RAHU 1-2-2
FCA ATOSF SPL-4","CP 6413122 FIL 100",6413122,100
211,"CP 6413064 FIL 110
FCA RA10F SPL-2","MSAN 9472-RAHU 1-2-3","MSAN 9472-RAHU 1-2-3
FCA RA10F SPL-2","CP 6413064 FIL 110",6413064,110
212,"CP 6413064 FIL 6
FCA RA09F SPL-2","MSAN 9472-RAHU 1-2-4","MSAN 9472-RAHU 1-2-4
FCA RA09F SPL-2","CP 6413064 FIL 6",6413064,6
213,"CP 6413064 FIL 7
FCA RA09F SPL-3","MSAN 9472-RAHU 1-3-1","MSAN 9472-RAHU 1-3-1
FCA RA09F SPL-3","CP 6413064 FIL 7",6413064,7
214,"CP 6413064 FIL 111
FCA RA10F SPL-3","MSAN 9472-RAHU 1-3-2","MSAN 9472-RAHU 1-3-2
FCA RA10F SPL-3","CP 6413064 FIL 111",6413064,111
215,"CP 6413120 FIL 2
FCA FRSRF SPL-2","MSAN 9472-RAHU 1-3-3","MSAN 9472-RAHU 1-3-3
FCA FRSRF SPL-2","CP 6413120 FIL 2",6413120,2
216,"CP 6413064 FIL 121
FCA RA10F SPL-4","MSAN 9472-RAHU 1-3-4","MSAN 9472-RAHU 1-3-4
FCA RA10F SPL-4","CP 6413064 FIL 121",6413064,121
217,"CP 6413121 FIL 16
FCA CANCF SPL-108","MSAN 9472-RAHU 1-4-1","MSAN 9472-RAHU 1-4-1
FCA CANCF SPL-108","CP 6413121 FIL 16",6413121,16
218,"CP 6413064 FIL 43
FCA RA08F SPL-101","MSAN 9472-RAHU 1-4-3","MSAN 9472-RAHU 1-4-3
FCA RA08F SPL-101","CP 6413064 FIL 43",6413064,43
219,"CP 6413120 FIL 4
FCA FRSRF SPL-4","MSAN 9472-RAHU 1-5-2","MSAN 9472-RAHU 1-5-2
FCA FRSRF SPL-4","CP 6413120 FIL 4",6413120,4
220,"CP 6413064 FIL 67
FCA RA07F SPL-3","MSAN 9472-RAHU 1-5-3","MSAN 9472-RAHU 1-5-3
FCA RA07F SPL-3","CP 6413064 FIL 67",6413064,67
221,"CP 6413122 FIL 101
FCA ATOSF SPL-5","MSAN 9472-RAHU 1-5-4","MSAN 9472-RAHU 1-5-4
FCA ATOSF SPL-5","CP 6413122 FIL 101",6413122,101
222,"CP 6413121 FIL 128
FCA RA11F SPL-101","MSAN 9472-RAHU 1-7-1","MSAN 9472-RAHU 1-7-1
FCA RA11F SPL-101","CP 6413121 FIL 128",6413121,128
223,"CP 6413122 FIL 49
FCA BCLNF SPL-1","MSAN 9472-RAHU 1-7-3","MSAN 9472-RAHU 1-7-3
FCA BCLNF SPL-1","CP 6413122 FIL 49",6413122,49
224,"CP 6413122 FIL 25
FCA LMSNF SPL-1","MSAN 9472-RAHU 1-7-4","MSAN 9472-RAHU 1-7-4
FCA LMSNF SPL-1","CP 6413122 FIL 25",6413122,25
225,"CP 6413122 FIL 1
FCA POSRF SPL-1","MSAN 9472-RAHU 1-8-1","MSAN 9472-RAHU 1-8-1
FCA POSRF SPL-1","CP 6413122 FIL 1",6413122,1
226,"CP 6413120 FIL 133
FCA RA04F SPL-106","MSAN 9472-RAHU 1-8-2","MSAN 9472-RAHU 1-8-2
FCA RA04F SPL-106","CP 6413120 FIL 133",6413120,133
227,"CP 6413121 FIL 122
FCA RA11F SPL-2","MSAN 9472-RAHU 1-8-3","MSAN 9472-RAHU 1-8-3
FCA RA11F SPL-2","CP 6413121 FIL 122",6413121,122
228,"CP 6413122 FIL 2
FCA POSRF SPL-2","MSAN 9472-RAHU 1-8-4","MSAN 9472-RAHU 1-8-4
FCA POSRF SPL-2","CP 6413122 FIL 2",6413122,2
229,"CP 6413122 FIL 3
FCA POSRF SPL-3","MSAN 9472-RAHU 1-9-1","MSAN 9472-RAHU 1-9-1
FCA POSRF SPL-3","CP 6413122 FIL 3",6413122,3
230,"CP 6413122 FIL 4
FCA POSRF SPL-4","MSAN 9472-RAHU 1-9-2","MSAN 9472-RAHU 1-9-2
FCA POSRF SPL-4","CP 6413122 FIL 4",6413122,4
231,"CP 6413122 FIL 50
FCA BCLNF SPL-2","MSAN 9472-RAHU 1-9-3","MSAN 9472-RAHU 1-9-3
FCA BCLNF SPL-2","CP 6413122 FIL 50",6413122,50
232,"CP 6413121 FIL 73
FCA RA02F SPL-1","MSAN 9472-RAHU 1-9-4","MSAN 9472-RAHU 1-9-4
FCA RA02F SPL-1","CP 6413121 FIL 73",6413121,73
233,"CP 6413121 FIL 49
FCA RA01F SPL-1","MSAN 9472-RAHU 1-1-1","MSAN 9472-RAHU 1-1-1
FCA RA01F SPL-1","CP 6413121 FIL 49",6413121,49
234,"CP 6413064 FIL 113
FCA RA10F SPL-5","MSAN 9472-RAHU 1-1-2","MSAN 9472-RAHU 1-1-2
FCA RA10F SPL-5","CP 6413064 FIL 113",6413064,113
235,"CP 6413122 FIL 122
FCA RA06F SPL-2","MSAN 9472-RAHU 1-1-3","MSAN 9472-RAHU 1-1-3
FCA RA06F SPL-2","CP 6413122 FIL 122",6413122,122
236,"CP 6413064 FIL 37
FCA RA08F SPL-1","MSAN 9472-RAHU 1-1-4","MSAN 9472-RAHU 1-1-4
FCA RA08F SPL-1","CP 6413064 FIL 37",6413064,37
237,"CP 6413122 FIL 51
FCA BCLNF SPL-3","MSAN 9472-RAHU 1-2-1","MSAN 9472-RAHU 1-2-1
FCA BCLNF SPL-3","CP 6413122 FIL 51",6413122,51
238,"CP 6413121 FIL 97
FCA RA03F SPL-1","MSAN 9472-RAHU 1-2-2","MSAN 9472-RAHU 1-2-2
FCA RA03F SPL-1","CP 6413121 FIL 97",6413121,97
239,"CP 6413121 FIL 98
FCA RA03F SPL-2","MSAN 9472-RAHU 1-2-3","MSAN 9472-RAHU 1-2-3
FCA RA03F SPL-2","CP 6413121 FIL 98",6413121,98
240,"CP 6413122 FIL 6
FCA POSRF SPL-6","MSAN 9472-RAHU 1-2-4","MSAN 9472-RAHU 1-2-4
FCA POSRF SPL-6","CP 6413122 FIL 6",6413122,6
241,"CP 6413121 FIL 51
FCA RA01F SPL-3","MSAN 9472-RAHU 1-4-4","MSAN 9472-RAHU 1-4-4
FCA RA01F SPL-3","CP 6413121 FIL 51",6413121,51
242,"CP 6413121 FIL 74
FCA RA02F SPL-2","MSAN 9472-RAHU 1-4-1","MSAN 9472-RAHU 1-4-1
FCA RA02F SPL-2","CP 6413121 FIL 74",6413121,74
243,"CP 6413064 FIL 38
FCA RA04F SPL-2","MSAN 9472-RAHU 1-4-2","MSAN 9472-RAHU 1-4-2
FCA RA04F SPL-2","CP 6413064 FIL 38",6413064,38
244,"CP 6413122 FIL 27
FCA LMSNF SPL-3","MSAN 9472-RAHU 1-4-3","MSAN 9472-RAHU 1-4-3
FCA LMSNF SPL-3","CP 6413122 FIL 27",6413122,27
245,"CP 6413121 FIL 131
FCA RA11F SPL-103","MSAN 8411-RAHU 1-1-1","MSAN 8411-RAHU 1-1-1
FCA RA11F SPL-103","CP 6413121 FIL 131",6413121,131
246,"CP 6413121 FIL 132
FCA RA11F SPL-104","MSAN 8411-RAHU 1-1-2","MSAN 8411-RAHU 1-1-2
FCA RA11F SPL-104","CP 6413121 FIL 132",6413121,132
247,"CP 6413121 FIL 133
FCA RA11F SPL-105","MSAN 8411-RAHU 1-1-3","MSAN 8411-RAHU 1-1-3
FCA RA11F SPL-105","CP 6413121 FIL 133",6413121,133
248,"CP 6413121 FIL 134
FCA RA11F SPL-106","MSAN 8411-RAHU 1-1-4","MSAN 8411-RAHU 1-1-4
FCA RA11F SPL-106","CP 6413121 FIL 134",6413121,134
249,"CP 6413121 FIL 137
FCA RA11F SPL-109","MSAN 8411-RAHU 1-1-7","MSAN 8411-RAHU 1-1-7
FCA RA11F SPL-109","CP 6413121 FIL 137",6413121,137
250,"CP 6413121 FIL 136
FCA RA11F SPL-108","MSAN 8411-RAHU 1-1-6","MSAN 8411-RAHU 1-1-6
FCA RA11F SPL-108","CP 6413121 FIL 136",6413121,136
251,"CP 6413121 FIL 135
FCA RA11F SPL-107","MSAN 8411-RAHU 1-1-5","MSAN 8411-RAHU 1-1-5
FCA RA11F SPL-107","CP 6413121 FIL 135",6413121,135
252,"CP 6411340 FIL 97
FCA O054F SPL-1","MSAN 8411-RAHU 1-2-1","MSAN 8411-RAHU 1-2-1
FCA O054F SPL-1","CP 6411340 FIL 97",6411340,97
253,"CP 6411340 FIL 98
FCA O054F SPL-2","MSAN 8411-RAHU 1-2-2","MSAN 8411-RAHU 1-2-2
FCA O054F SPL-2","CP 6411340 FIL 98",6411340,98
254,"CP 6411340 FIL 99
FCA O054F SPL-3","MSAN 8411-RAHU 1-2-3","MSAN 8411-RAHU 1-2-3
FCA O054F SPL-3","CP 6411340 FIL 99",6411340,99
255,"CP 6411340 FIL 100
FCA O043F SPL-4","MSAN 8411-RAHU 1-2-4","MSAN 8411-RAHU 1-2-4
FCA O043F SPL-4","CP 6411340 FIL 100",6411340,100
256,"CP 6413121 FIL 39
FCA ACPCF SPL-106","MSAN 8411-RAHU 1-2-5","MSAN 8411-RAHU 1-2-5
FCA ACPCF SPL-106","CP 6413121 FIL 39",6413121,39
257,"CP 6413121 FIL 40
FCA ACPCF SPL-107","MSAN 8411-RAHU 1-2-6","MSAN 8411-RAHU 1-2-6
FCA ACPCF SPL-107","CP 6413121 FIL 40",6413121,40
258,"CP 6413121 FIL 41
FCA ACPCF SPL-108","MSAN 8411-RAHU 1-2-7","MSAN 8411-RAHU 1-2-7
FCA ACPCF SPL-108","CP 6413121 FIL 41",6413121,41
259,"CP 6413353 FIL 21
FCA O031F SPL-5","MSAN 8411-RAHU 1-2-8","MSAN 8411-RAHU 1-2-8
FCA O031F SPL-5","CP 6413353 FIL 21",6413353,21
260,"CP 6413353 FIL 22
FCA O031F SPL-6","MSAN 8411-RAHU 1-3-1","MSAN 8411-RAHU 1-3-1
FCA O031F SPL-6","CP 6413353 FIL 22",6413353,22
261,"CP 6413353 FIL 23
FCA O031F SPL-7","MSAN 8411-RAHU 1-3-2","MSAN 8411-RAHU 1-3-2
FCA O031F SPL-7","CP 6413353 FIL 23",6413353,23
262,"CP 6413353 FIL 24
FCA O031F SPL-8","MSAN 8411-RAHU 1-3-3","MSAN 8411-RAHU 1-3-3
FCA O031F SPL-8","CP 6413353 FIL 24",6413353,24
263,"CP 6413064 FIL 69
FCA RA07F SPL-101","MSAN 8411-RAHU 1-3-4","MSAN 8411-RAHU 1-3-4
FCA RA07F SPL-101","CP 6413064 FIL 69",6413064,69
264,"CP 6413064 FIL 70
FCA RA07F SPL-102","MSAN 8411-RAHU 1-3-5","MSAN 8411-RAHU 1-3-5
FCA RA07F SPL-102","CP 6413064 FIL 70",6413064,70
265,"CP 6413064 FIL 71
FCA RA07F SPL-103","MSAN 8411-RAHU 1-3-6","MSAN 8411-RAHU 1-3-6
FCA RA07F SPL-103","CP 6413064 FIL 71",6413064,71
266,"CP 6413064 FIL 72
FCA RA07F SPL-104","MSAN 8411-RAHU 1-3-7","MSAN 8411-RAHU 1-3-7
FCA RA07F SPL-104","CP 6413064 FIL 72",6413064,72
267,"CP 6413121 FIL 83
FCA RA02F SPL-5","MSAN 8411-RAHU 1-3-8","MSAN 8411-RAHU 1-3-8
FCA RA02F SPL-5","CP 6413121 FIL 83",6413121,83
268,"CP 6413270 FIL 201
FCA VTSTF SPL-9","MSAN 8411-RAHU 1-4-1","MSAN 8411-RAHU 1-4-1
FCA VTSTF SPL-9","CP 6413270 FIL 201",6413270,201
269,"CE C/E STx-MDF FIL 5
FCA RAHUF SPL-3","MSAN 8411-RAHU 1-4-2","MSAN 8411-RAHU 1-4-2
FCA RAHUF SPL-3","CE C/E STx-MDF FIL 5","C/E STx-MDF",5
270,"CP 6413120 FIL 61
FCA VRLUF SPL-106","MSAN 8411-RAHU 1-4-3","MSAN 8411-RAHU 1-4-3
FCA VRLUF SPL-106","CP 6413120 FIL 61",6413120,61
271,"CP 6413064 FIL 105
FCA RA10F SPL-102","MSAN 8411-RAHU 1-4-4","MSAN 8411-RAHU 1-4-4
FCA RA10F SPL-102","CP 6413064 FIL 105",6413064,105
272,"CP 6413120 FIL 62
FCA VRLUF SPL-107","MSAN 8411-RAHU 1-4-5","MSAN 8411-RAHU 1-4-5
FCA VRLUF SPL-107","CP 6413120 FIL 62",6413120,62
274,"CP 6413120 FIL 45
FCA VSTNF SPL-101","MSAN 8411-RAHU 1-4-8","MSAN 8411-RAHU 1-4-8
FCA VSTNF SPL-101","CP 6413120 FIL 45",6413120,45
275,"CP 6413121 FIL 78
FCA RA02F SPL-101","MSAN 8411-RAHU 1-4-6","MSAN 8411-RAHU 1-4-6
FCA RA02F SPL-101","CP 6413121 FIL 78",6413121,78
276,"CP 6413120 FIL 46
FCA VSTNF SPL-102","MSAN 8411-RAHU 1-5-1","MSAN 8411-RAHU 1-5-1
FCA VSTNF SPL-102","CP 6413120 FIL 46",6413120,46
277,"CP 6413121 FIL 103
FCA RA03F SPL-102","MSAN 8411-RAHU 1-5-2","MSAN 8411-RAHU 1-5-2
FCA RA03F SPL-102","CP 6413121 FIL 103",6413121,103
278,"CP 6413121 FIL 104
FCA RA03F SPL-104","MSAN 8411-RAHU 1-5-3","MSAN 8411-RAHU 1-5-3
FCA RA03F SPL-104","CP 6413121 FIL 104",6413121,104
279,"CP 6413064 FIL 73
FCA RA07F SPL-105","MSAN 8411-RAHU 1-5-4","MSAN 8411-RAHU 1-5-4
FCA RA07F SPL-105","CP 6413064 FIL 73",6413064,73
280,"CP 6411340 FIL 112
FCA O053F SPL-4","MSAN 8411-RAHU 1-5-5","MSAN 8411-RAHU 1-5-5
FCA O053F SPL-4","CP 6411340 FIL 112",6411340,112
281,"CP 6411340 FIL 113
FCA O053F SPL-5","MSAN 8411-RAHU 1-5-6","MSAN 8411-RAHU 1-5-6
FCA O053F SPL-5","CP 6411340 FIL 113",6411340,113
282,"CP 6411340 FIL 114
FCA O053F SPL-6","MSAN 8411-RAHU 1-5-7","MSAN 8411-RAHU 1-5-7
FCA O053F SPL-6","CP 6411340 FIL 114",6411340,114
283,"CP 6411340 FIL 49
FCA O073F SPL-1","MSAN 8411-RAHU 1-5-8","MSAN 8411-RAHU 1-5-8
FCA O073F SPL-1","CP 6411340 FIL 49",6411340,49
284,"CP 6411340 FIL 51
FCA O073F SPL-3","MSAN 8411-RAHU 1-6-1","MSAN 8411-RAHU 1-6-1
FCA O073F SPL-3","CP 6411340 FIL 51",6411340,51
285,"CP 6411340 FIL 50
FCA O073F SPL-2","MSAN 8411-RAHU 1-6-2","MSAN 8411-RAHU 1-6-2
FCA O073F SPL-2","CP 6411340 FIL 50",6411340,50
286,"CP 6411340 FIL 29
FCA ALOBF SPL-5","MSAN 8411-RAHU 1-6-3","MSAN 8411-RAHU 1-6-3
FCA ALOBF SPL-5","CP 6411340 FIL 29",6411340,29
287,"CP 6411340 FIL 101
FCA O054F SPL-5","MSAN 8411-RAHU 1-6-4","MSAN 8411-RAHU 1-6-4
FCA O054F SPL-5","CP 6411340 FIL 101",6411340,101
288,"CP 6411340 FIL 102
FCA O054F SPL-6","MSAN 8411-RAHU 1-6-5","MSAN 8411-RAHU 1-6-5
FCA O054F SPL-6","CP 6411340 FIL 102",6411340,102
289,"CP 6411340 FIL 103
FCA O054F SPL-7","MSAN 8411-RAHU 1-6-6","MSAN 8411-RAHU 1-6-6
FCA O054F SPL-7","CP 6411340 FIL 103",6411340,103
290,"CP 6411340 FIL 104
FCA O054F SPL-8","MSAN 8411-RAHU 1-6-7","MSAN 8411-RAHU 1-6-7
FCA O054F SPL-8","CP 6411340 FIL 104",6411340,104
291,"CP 6413270 FIL 25
FCA O079F SPL-1","MSAN 8411-RAHU 1-6-8","MSAN 8411-RAHU 1-6-8
FCA O079F SPL-1","CP 6413270 FIL 25",6413270,25
292,"CP 6413270 FIL 26
FCA O079F SPL-2","MSAN 8411-RAHU 1-7-1","MSAN 8411-RAHU 1-7-1
FCA O079F SPL-2","CP 6413270 FIL 26",6413270,26
293,"CP 6413064 FIL 49
FCA RA08F SPL-105","MSAN 8411-RAHU 1-7-2","MSAN 8411-RAHU 1-7-2
FCA RA08F SPL-105","CP 6413064 FIL 49",6413064,49
294,"CP 6413122 FIL 60
FCA BCLNF SPL-12","MSAN 8411-RAHU 1-7-3","MSAN 8411-RAHU 1-7-3
FCA BCLNF SPL-12","CP 6413122 FIL 60",6413122,60
295,"CP 6413120 FIL 47
FCA VSTNF SPL-9","MSAN 8411-RAHU 1-7-4","MSAN 8411-RAHU 1-7-4
FCA VSTNF SPL-9","CP 6413120 FIL 47",6413120,47
296,"CP 6413353 FIL 60
FCA O027F SPL-12","MSAN 8411-RAHU 1-7-5","MSAN 8411-RAHU 1-7-5
FCA O027F SPL-12","CP 6413353 FIL 60",6413353,60
297,"CP 6413353 FIL 61
FCA O027F SPL-13","MSAN 8411-RAHU 1-7-6","MSAN 8411-RAHU 1-7-6
FCA O027F SPL-13","CP 6413353 FIL 61",6413353,61
298,"CP 6413120 FIL 63
FCA VRLUF SPL-108","MSAN 8411-RAHU 1-7-7","MSAN 8411-RAHU 1-7-7
FCA VRLUF SPL-108","CP 6413120 FIL 63",6413120,63
299,"CP 6413120 FIL 64
FCA VRLUF SPL-109","MSAN 8411-RAHU 1-7-8","MSAN 8411-RAHU 1-7-8
FCA VRLUF SPL-109","CP 6413120 FIL 64",6413120,64
300,"CP 6413428 FIL 37
FCA ULLGF SPL-1","MSAN 8405-PSCH 1-1-1","MSAN 8405-PSCH 1-1-1
FCA ULLGF SPL-1","CP 6413428 FIL 37",6413428,37
301,"CP 6413428 FIL 38
FCA ULLGF SPL-2","MSAN 8405-PSCH 1-1-2","MSAN 8405-PSCH 1-1-2
FCA ULLGF SPL-2","CP 6413428 FIL 38",6413428,38
302,"CP 6413428 FIL 39
FCA ULLGF SPL-3","MSAN 8405-PSCH 1-1-3","MSAN 8405-PSCH 1-1-3
FCA ULLGF SPL-3","CP 6413428 FIL 39",6413428,39
303,"FOT 6413431 FIL 25
FCA O024F SPL-1","MSAN 8405-PSCH 1-1-4","MSAN 8405-PSCH 1-1-4
FCA O024F SPL-1","FOT 6413431 FIL 25",6413431,25
304,"FOT 6413431 FIL 26
FCA O024F SPL-2","MSAN 8405-PSCH 1-1-6","MSAN 8405-PSCH 1-1-6
FCA O024F SPL-2","FOT 6413431 FIL 26",6413431,26
305,"CP 6413266 FIL 49
FCA ABLLF SPL-1","MSAN 9433-PSCH 1-1-1","MSAN 9433-PSCH 1-1-1
FCA ABLLF SPL-1","CP 6413266 FIL 49",6413266,49
306,"CP 6413266 FIL 50
FCA ABLLF SPL-2","MSAN 9433-PSCH 1-1-2","MSAN 9433-PSCH 1-1-2
FCA ABLLF SPL-2","CP 6413266 FIL 50",6413266,50
307,"CP 6413266 FIL 51
FCA ABLLF SPL-3","MSAN 9433-PSCH 1-1-3","MSAN 9433-PSCH 1-1-3
FCA ABLLF SPL-3","CP 6413266 FIL 51",6413266,51
308,"CP 6413266 FIL 1
FCA CPNTF SPL-1","MSAN 9433-PSCH 1-1-4","MSAN 9433-PSCH 1-1-4
FCA CPNTF SPL-1","CP 6413266 FIL 1",6413266,1
309,"CP 6413266 FIL 2
FCA CPNTF SPL-2","MSAN 9433-PSCH 1-2-1","MSAN 9433-PSCH 1-2-1
FCA CPNTF SPL-2","CP 6413266 FIL 2",6413266,2
310,"CP 6413266 FIL 25
FCA PS09F SPL-1","MSAN 9433-PSCH 1-2-2","MSAN 9433-PSCH 1-2-2
FCA PS09F SPL-1","CP 6413266 FIL 25",6413266,25
311,"CP 6413266 FIL 26
FCA PS09F SPL-2","MSAN 9433-PSCH 1-2-3","MSAN 9433-PSCH 1-2-3
FCA PS09F SPL-2","CP 6413266 FIL 26",6413266,26
312,"CP 6413227 FIL 49
FCA O017F SPL-1","MSAN 9433-PSCH 1-2-4","MSAN 9433-PSCH 1-2-4
FCA O017F SPL-1","CP 6413227 FIL 49",6413227,49
313,"CP 6413227 FIL 50
FCA O017F SPL-1","MSAN 9433-PSCH 1-3-1","MSAN 9433-PSCH 1-3-1
FCA O017F SPL-1","CP 6413227 FIL 50",6413227,50
314,"CP 6413227 FIL 55
FCA O018F SPL-1","MSAN 9433-PSCH 1-3-2","MSAN 9433-PSCH 1-3-2
FCA O018F SPL-1","CP 6413227 FIL 55",6413227,55
315,"CP 6413227 FIL 56
FCA O018F SPL-1","MSAN 9433-PSCH 1-3-3","MSAN 9433-PSCH 1-3-3
FCA O018F SPL-1","CP 6413227 FIL 56",6413227,56
316,"CP 6413227 FIL 61
FCA O019F SPL-1","MSAN 9433-PSCH 1-3-4","MSAN 9433-PSCH 1-3-4
FCA O019F SPL-1","CP 6413227 FIL 61",6413227,61
317,"CP 6413227 FIL 100
FCA PS21F SPL-4","MSAN 9433-PSCH 1-4-1","MSAN 9433-PSCH 1-4-1
FCA PS21F SPL-4","CP 6413227 FIL 100",6413227,100
318,"CP 6413275 FIL 271
FCA O015F SPL-1","MSAN 9433-PSCH 1-4-2","MSAN 9433-PSCH 1-4-2
FCA O015F SPL-1","CP 6413275 FIL 271",6413275,271
319,"CP 6413275 FIL 277
FCA O016F SPL-1","MSAN 9433-PSCH 1-4-3","MSAN 9433-PSCH 1-4-3
FCA O016F SPL-1","CP 6413275 FIL 277",6413275,277
320,"CP 6413275 FIL 278
FCA O016F SPL-2","MSAN 9433-PSCH 1-4-4","MSAN 9433-PSCH 1-4-4
FCA O016F SPL-2","CP 6413275 FIL 278",6413275,278
321,"CE 6413286 FIL 33
FCA OS04F SPL-4","MSAN 9433-PSCH 1-5-1","MSAN 9433-PSCH 1-5-1
FCA OS04F SPL-4","CE 6413286 FIL 33",6413286,33
322,"CP 6413275 FIL 147
FCA PS15F SPL-3","MSAN 9433-PSCH 1-5-2","MSAN 9433-PSCH 1-5-2
FCA PS15F SPL-3","CP 6413275 FIL 147",6413275,147
323,"CP 6413227 FIL 73
FCA O011F SPL-1","MSAN 9433-PSCH 1-5-3","MSAN 9433-PSCH 1-5-3
FCA O011F SPL-1","CP 6413227 FIL 73",6413227,73
324,"CP 6413227 FIL 74
FCA O011F SPL-2","MSAN 9433-PSCH 1-5-4","MSAN 9433-PSCH 1-5-4
FCA O011F SPL-2","CP 6413227 FIL 74",6413227,74
325,"CP 6413227 FIL 75
FCA O011F SPL-3","MSAN 9433-PSCH 1-6-1","MSAN 9433-PSCH 1-6-1
FCA O011F SPL-3","CP 6413227 FIL 75",6413227,75
326,"CP 6413227 FIL 79
FCA O012F SPL-1","MSAN 9433-PSCH 1-6-2","MSAN 9433-PSCH 1-6-2
FCA O012F SPL-1","CP 6413227 FIL 79",6413227,79
327,"CP 6413227 FIL 80
FCA O012F SPL-2","MSAN 9433-PSCH 1-6-3","MSAN 9433-PSCH 1-6-3
FCA O012F SPL-2","CP 6413227 FIL 80",6413227,80
328,"CP 6413227 FIL 85
FCA O013F SPL-1","MSAN 9433-PSCH 1-6-4","MSAN 9433-PSCH 1-6-4
FCA O013F SPL-1","CP 6413227 FIL 85",6413227,85
329,"CP 6413227 FIL 86
FCA O013F SPL-2","MSAN 9433-PSCH 1-7-1","MSAN 9433-PSCH 1-7-1
FCA O013F SPL-2","CP 6413227 FIL 86",6413227,86
330,"CP 6413227 FIL 91
FCA O014F SPL-1","MSAN 9433-PSCH 1-7-2","MSAN 9433-PSCH 1-7-2
FCA O014F SPL-1","CP 6413227 FIL 91",6413227,91
331,"CP 6413227 FIL 92
FCA O014F SPL-2","MSAN 9433-PSCH 1-7-3","MSAN 9433-PSCH 1-7-3
FCA O014F SPL-2","CP 6413227 FIL 92",6413227,92
332,"CP 6413442 FIL 88
FCA PS04F SPL-4","MSAN 9433-PSCH 1-7-4","MSAN 9433-PSCH 1-7-4
FCA PS04F SPL-4","CP 6413442 FIL 88",6413442,88
333,"CP 6413227 FIL 244
FCA CDSMF SPL-4","MSAN 9433-PSCH 1-8-1","MSAN 9433-PSCH 1-8-1
FCA CDSMF SPL-4","CP 6413227 FIL 244",6413227,244
334,"CP 6413275 FIL 32
FCA LALDF SPL-8","MSAN 9433-PSCH 1-8-4","MSAN 9433-PSCH 1-8-4
FCA LALDF SPL-8","CP 6413275 FIL 32",6413275,32
335,"CP 6413227 FIL 196
FCA GUB2F SPL-4","MSAN 9433-PSCH 1-9-2","MSAN 9433-PSCH 1-9-2
FCA GUB2F SPL-4","CP 6413227 FIL 196",6413227,196
336,"CP 6413525 FIL 25
FCA O020F SPL-1","MSAN 9433-PSCH 1-9-3","MSAN 9433-PSCH 1-9-3
FCA O020F SPL-1","CP 6413525 FIL 25",6413525,25
337,"CP 6413227 FIL 228
FCA GBUF SPL-8","MSAN 9433-PSCH 1-9-4","MSAN 9433-PSCH 1-9-4
FCA GBUF SPL-8","CP 6413227 FIL 228",6413227,228
338,"CP 6413275 FIL 55
FCA PS18F SPL-7","MSAN 9433-PSCH 1-0-1","MSAN 9433-PSCH 1-0-1
FCA PS18F SPL-7","CP 6413275 FIL 55",6413275,55
339,"CP 6413275 FIL 56
FCA PS18F SPL-8","MSAN 9433-PSCH 1-0-2","MSAN 9433-PSCH 1-0-2
FCA PS18F SPL-8","CP 6413275 FIL 56",6413275,56
340,"CP 6413275 FIL 57
FCA PS18F SPL-9","MSAN 9433-PSCH 1-0-3","MSAN 9433-PSCH 1-0-3
FCA PS18F SPL-9","CP 6413275 FIL 57",6413275,57
341,"CP 6413227 FIL 158
FCA O021F SPL-1","MSAN 9433-PSCH 1-0-4","MSAN 9433-PSCH 1-0-4
FCA O021F SPL-1","CP 6413227 FIL 158",6413227,158
342,"CP 6413227 FIL 227
FCA GBUF SPL-9","MSAN 9433-PSCH 1-1-1","MSAN 9433-PSCH 1-1-1
FCA GBUF SPL-9","CP 6413227 FIL 227",6413227,227
343,"CE SDLU-MDF FIL 4
FCA PSCHF SPL-4","MSAN 9433-PSCH 1-1-2","MSAN 9433-PSCH 1-1-2
FCA PSCHF SPL-4","CE SDLU-MDF FIL 4",SDLU-MDF,4
344,"CP 6413227 FIL 172
FCA LGL2F SPL-4","MSAN 9433-PSCH 1-1-3","MSAN 9433-PSCH 1-1-3
FCA LGL2F SPL-4","CP 6413227 FIL 172",6413227,172
345,"CP 6413227 FIL 173
FCA LGL2F SPL-5","MSAN 9433-PSCH 1-1-4","MSAN 9433-PSCH 1-1-4
FCA LGL2F SPL-5","CP 6413227 FIL 173",6413227,173
346,"CP 6413227 FIL 2
FCA PQQ1RF SPL-2","MSAN 9433-PSCH 1-2-1","MSAN 9433-PSCH 1-2-1
FCA PQQ1RF SPL-2","CP 6413227 FIL 2",6413227,2
347,"CE 6413286 FIL 31
FCA OS04F SPL-1","MSAN 9433-PSCH 1-2-2","MSAN 9433-PSCH 1-2-2
FCA OS04F SPL-1","CE 6413286 FIL 31",6413286,31
348,"CP 6413442 FIL 57
FCA PS05F SPL-106","MSAN 9433-PSCH 1-2-3","MSAN 9433-PSCH 1-2-3
FCA PS05F SPL-106","CP 6413442 FIL 57",6413442,57
349,"CP 6413227 FIL 226
FCA GUBF SPL-5","MSAN 9433-PSCH 1-2-4","MSAN 9433-PSCH 1-2-4
FCA GUBF SPL-5","CP 6413227 FIL 226",6413227,226
350,"CP 6413275 FIL 7
FCA SDBEF SPL-7","MSAN 9433-PSCH 1-3-1","MSAN 9433-PSCH 1-3-1
FCA SDBEF SPL-7","CP 6413275 FIL 7",6413275,7
351,"CP 6413275 FIL 173
FCA PS16F SPL-5","MSAN 9433-PSCH 1-3-2","MSAN 9433-PSCH 1-3-2
FCA PS16F SPL-5","CP 6413275 FIL 173",6413275,173
352,"CP 6413227 FIL 167
FCA PS11F SPL-3","MSAN 9433-PSCH 1-3-3","MSAN 9433-PSCH 1-3-3
FCA PS11F SPL-3","CP 6413227 FIL 167",6413227,167
353,"CP 6413227 FIL 169
FCA LGL2F SPL-1","MSAN 9433-PSCH 1-3-4","MSAN 9433-PSCH 1-3-4
FCA LGL2F SPL-1","CP 6413227 FIL 169",6413227,169
354,"CP 6413227 FIL 170
FCA LGL2F SPL-2","MSAN 9433-PSCH 1-4-1","MSAN 9433-PSCH 1-4-1
FCA LGL2F SPL-2","CP 6413227 FIL 170",6413227,170
355,"CP 6413227 FIL 171
FCA LGL2F SPL-3","MSAN 9433-PSCH 1-4-2","MSAN 9433-PSCH 1-4-2
FCA LGL2F SPL-3","CP 6413227 FIL 171",6413227,171
356,"CP 6413506 FIL 101
FCA O099F SPL-5","MSAN 9433-PSCH 1-4-3","MSAN 9433-PSCH 1-4-3
FCA O099F SPL-5","CP 6413506 FIL 101",6413506,101
357,"CP 6413227 FIL 15
FCA PQOR03 SPL-3","MSAN 9433-PSCH 1-4-4","MSAN 9433-PSCH 1-4-4
FCA PQOR03 SPL-3","CP 6413227 FIL 15",6413227,15
358,"CP 6413275 FIL 49
FCA PS18F SPL-1","MSAN 9463-PSCH 1-1-3","MSAN 9463-PSCH 1-1-3
FCA PS18F SPL-1","CP 6413275 FIL 49",6413275,49
359,"CP 6413227 FIL 217
FCA GUBF SPL-1","MSAN 9463-PSCH 1-1-1","MSAN 9463-PSCH 1-1-1
FCA GUBF SPL-1","CP 6413227 FIL 217",6413227,217
360,"CP 6413266 FIL 63
FCA ABLLF SPL-106","MSAN 9463-PSCH 1-1-2","MSAN 9463-PSCH 1-1-2
FCA ABLLF SPL-106","CP 6413266 FIL 63",6413266,63
361,"CP 6413227 FIL 97
FCA PS21F SPL-1","MSAN 9463-PSCH 1-2-1","MSAN 9463-PSCH 1-2-1
FCA PS21F SPL-1","CP 6413227 FIL 97",6413227,97
362,"Anillo 6411026-LI FIL 31
FCA Lomas de Pilauco SPL-1","MSAN 9463-PSCH 1-2-2","MSAN 9463-PSCH 1-2-2
FCA Lomas de Pilauco SPL-1","Anillo 6411026-LI FIL 31",6411026-LI,31
363,"CP 6413275 FIL 100
FCA PS19F SPL-4","MSAN 9463-PSCH 1-2-3","MSAN 9463-PSCH 1-2-3
FCA PS19F SPL-4","CP 6413275 FIL 100",6413275,100
364,"CP 6413275 FIL 101
FCA PS19F SPL-5","MSAN 9463-PSCH 1-2-4","MSAN 9463-PSCH 1-2-4
FCA PS19F SPL-5","CP 6413275 FIL 101",6413275,101
365,"CP 6413275 FIL 97
FCA PS19F SPL-1","MSAN 9463-PSCH 1-3-1","MSAN 9463-PSCH 1-3-1
FCA PS19F SPL-1","CP 6413275 FIL 97",6413275,97
366,"CP 6413227 FIL 218
FCA GUBF SPL-2","MSAN 9463-PSCH 1-3-2","MSAN 9463-PSCH 1-3-2
FCA GUBF SPL-2","CP 6413227 FIL 218",6413227,218
367,"Anillo 6411052-LI FIL 24
FCA PS02F SPL-2","MSAN 9463-PSCH 1-3-3","MSAN 9463-PSCH 1-3-3
FCA PS02F SPL-2","Anillo 6411052-LI FIL 24",6411052-LI,24
368,"CP 6413275 FIL 50
FCA PS18F SPL-2","MSAN 9463-PSCH 1-3-4","MSAN 9463-PSCH 1-3-4
FCA PS18F SPL-2","CP 6413275 FIL 50",6413275,50
369,"CP 6413275 FIL 25
FCA LALDF SPL-1","MSAN 9463-PSCH 1-4-1","MSAN 9463-PSCH 1-4-1
FCA LALDF SPL-1","CP 6413275 FIL 25",6413275,25
370,"CP 6413275 FIL 96
FCA LALDF SPL-2","MSAN 9463-PSCH 1-4-2","MSAN 9463-PSCH 1-4-2
FCA LALDF SPL-2","CP 6413275 FIL 96",6413275,96
371,"CP 6413227 FIL 98
FCA PS21F SPL-2","MSAN 9463-PSCH 1-4-3","MSAN 9463-PSCH 1-4-3
FCA PS21F SPL-2","CP 6413227 FIL 98",6413227,98
372,"CP 6413227 FIL 219
FCA GUBF SPL-3","MSAN 9463-PSCH 1-4-4","MSAN 9463-PSCH 1-4-4
FCA GUBF SPL-3","CP 6413227 FIL 219",6413227,219
373,"Anillo 6411026-LI FIL 32
FCA Lomas de Pilauco SPL-2","MSAN 9463-PSCH 1-5-2","MSAN 9463-PSCH 1-5-2
FCA Lomas de Pilauco SPL-2","Anillo 6411026-LI FIL 32",6411026-LI,32
374,"CP 6413275 FIL 99
FCA PS19F SPL-3","MSAN 9463-PSCH 1-5-3","MSAN 9463-PSCH 1-5-3
FCA PS19F SPL-3","CP 6413275 FIL 99",6413275,99
375,"Anillo 6411026-LI FIL 33
FCA LMPLO SPL-3","MSAN 9463-PSCH 1-6-1","MSAN 9463-PSCH 1-6-1
FCA LMPLO SPL-3","Anillo 6411026-LI FIL 33",6411026-LI,33
376,"Anillo 6411026-LF FIL 25
FCA MKOLF SPL-1","MSAN 9463-PSCH 1-6-2","MSAN 9463-PSCH 1-6-2
FCA MKOLF SPL-1","Anillo 6411026-LF FIL 25",6411026-LF,25
377,"Anillo 6411026-LF FIL 26
FCA MKOLF SPL-2","MSAN 9463-PSCH 1-6-3","MSAN 9463-PSCH 1-6-3
FCA MKOLF SPL-2","Anillo 6411026-LF FIL 26",6411026-LF,26
378,"CP 6413275 FIL 98
FCA PS19F SPL-2","MSAN 9463-PSCH 1-7-1","MSAN 9463-PSCH 1-7-1
FCA PS19F SPL-2","CP 6413275 FIL 98",6413275,98
379,"CP 6413275 FIL 79
FCA CBVF SPL-1","MSAN 9463-PSCH 1-7-3","MSAN 9463-PSCH 1-7-3
FCA CBVF SPL-1","CP 6413275 FIL 79",6413275,79
380,"CP 6413227 FIL 1
FCA PQORF SPL-1","MSAN 9463-PSCH 1-7-4","MSAN 9463-PSCH 1-7-4
FCA PQORF SPL-1","CP 6413227 FIL 1",6413227,1
381,"Anillo 6411026-LF FIL 27
FCA MKOLF SPL-3","MSAN 9463-PSCH 1-8-2","MSAN 9463-PSCH 1-8-2
FCA MKOLF SPL-3","Anillo 6411026-LF FIL 27",6411026-LF,27
382,"CP 6413442 FIL 2
FCA PS13F SPL-2","MSAN 9463-PSCH 1-8-3","MSAN 9463-PSCH 1-8-3
FCA PS13F SPL-2","CP 6413442 FIL 2",6413442,2
383,"CP 6413275 FIL 80
FCA CBVF2 SPL-1","MSAN 9463-PSCH 1-8-4","MSAN 9463-PSCH 1-8-4
FCA CBVF2 SPL-1","CP 6413275 FIL 80",6413275,80
384,"Anillo 6411026-LF FIL 28
FCA MKOLF SPL-4","MSAN 9463-PSCH 1-9-2","MSAN 9463-PSCH 1-9-2
FCA MKOLF SPL-4","Anillo 6411026-LF FIL 28",6411026-LF,28
385,"CP 6413275 FIL 51
FCA PS18F SPL-3","MSAN 9463-PSCH 1-9-3","MSAN 9463-PSCH 1-9-3
FCA PS18F SPL-3","CP 6413275 FIL 51",6413275,51
386,"CP 6413275 FIL 81
FCA CBVF1 SPL-1","MSAN 9463-PSCH 1-9-4","MSAN 9463-PSCH 1-9-4
FCA CBVF1 SPL-1","CP 6413275 FIL 81",6413275,81
387,"CP 6413227 FIL 7
FCA PQOR2F SPL-1","MSAN 9463-PSCH 1-0-1","MSAN 9463-PSCH 1-0-1
FCA PQOR2F SPL-1","CP 6413227 FIL 7",6413227,7
388,"CP 6413227 FIL 265
FCA PS11F SPL-1","MSAN 9463-PSCH 1-0-2","MSAN 9463-PSCH 1-0-2
FCA PS11F SPL-1","CP 6413227 FIL 265",6413227,265
389,"CP 6413275 FIL 27
FCA LALDF SPL-3","MSAN 9463-PSCH 1-0-3","MSAN 9463-PSCH 1-0-3
FCA LALDF SPL-3","CP 6413275 FIL 27",6413275,27
390,"Anillo 6411026-LF FIL 29
FCA MKOLF SPL-5","MSAN 9463-PSCH 1-0-4","MSAN 9463-PSCH 1-0-4
FCA MKOLF SPL-5","Anillo 6411026-LF FIL 29",6411026-LF,29
391,"CP 6413275 FIL 9
FCA SDBEF SPL-9","MSAN 9463-PSCH 1-1-1","MSAN 9463-PSCH 1-1-1
FCA SDBEF SPL-9","CP 6413275 FIL 9",6413275,9
392,"CP 6413275 FIL 10
FCA SDBEF SPL-10","MSAN 9463-PSCH 1-1-2","MSAN 9463-PSCH 1-1-2
FCA SDBEF SPL-10","CP 6413275 FIL 10",6413275,10
393,"CP 6413275 FIL 11
FCA SDBEF SPL-11","MSAN 9463-PSCH 1-1-3","MSAN 9463-PSCH 1-1-3
FCA SDBEF SPL-11","CP 6413275 FIL 11",6413275,11
394,"CP 6413227 FIL 247
FCA CDSMF SPL-8","MSAN 9463-PSCH 1-1-4","MSAN 9463-PSCH 1-1-4
FCA CDSMF SPL-8","CP 6413227 FIL 247",6413227,247
395,"CP 6413275 FIL 145
FCA PS15F SPL-1","MSAN 9463-PSCH 1-3-1","MSAN 9463-PSCH 1-3-1
FCA PS15F SPL-1","CP 6413275 FIL 145",6413275,145
396,"CE 6413286 FIL 32
FCA OS04F SPL-2","MSAN 9463-PSCH 1-3-2","MSAN 9463-PSCH 1-3-2
FCA OS04F SPL-2","CE 6413286 FIL 32",6413286,32
397,"CP 6413275 FIL 169
FCA PS16F SPL-1","MSAN 9463-PSCH 1-3-3","MSAN 9463-PSCH 1-3-3
FCA PS16F SPL-1","CP 6413275 FIL 169",6413275,169
398,"CP 6413227 FIL 222
FCA GUBF SPL-6","MSAN 9463-PSCH 1-3-4","MSAN 9463-PSCH 1-3-4
FCA GUBF SPL-6","CP 6413227 FIL 222",6413227,222
399,"CP 6413227 FIL 99
FCA PS21F SPL-3","MSAN 9463-PSCH 1-4-1","MSAN 9463-PSCH 1-4-1
FCA PS21F SPL-3","CP 6413227 FIL 99",6413227,99
400,"CP 6413275 FIL 28
FCA LALDF SPL-4","MSAN 9463-PSCH 1-4-2","MSAN 9463-PSCH 1-4-2
FCA LALDF SPL-4","CP 6413275 FIL 28",6413275,28
401,"Anillo 6411052-LI FIL 11
FCA SDBEF SPL-1","MSAN 9463-PSCH 1-4-3","MSAN 9463-PSCH 1-4-3
FCA SDBEF SPL-1","Anillo 6411052-LI FIL 11",6411052-LI,11
402,"CP 6413275 FIL 170
FCA PS16F SPL-2","MSAN 9463-PSCH 1-4-4","MSAN 9463-PSCH 1-4-4
FCA PS16F SPL-2","CP 6413275 FIL 170",6413275,170
403,"CP 6413442 FIL 89
FCA PS04F SPL-5","MSAN 8405-PSCH 1-1-8","MSAN 8405-PSCH 1-1-8
FCA PS04F SPL-5","CP 6413442 FIL 89",6413442,89
404,"CP 6413442 FIL 28
FCA PS06F SPL-4","MSAN 8405-PSCH 1-2-1","MSAN 8405-PSCH 1-2-1
FCA PS06F SPL-4","CP 6413442 FIL 28",6413442,28
405,"CP 6413275 FIL 103
FCA PS19F SPL-7","MSAN 8405-PSCH 1-3-3","MSAN 8405-PSCH 1-3-3
FCA PS19F SPL-7","CP 6413275 FIL 103",6413275,103
406,"CP 6413227 FIL 124
FCA LGLDF SPL-4","MSAN 8405-PSCH 1-3-4","MSAN 8405-PSCH 1-3-4
FCA LGLDF SPL-4","CP 6413227 FIL 124",6413227,124
407,"FOT 6413431 FIL 31
FCA O035F SPL-1","MSAN 8405-PSCH 1-5-1","MSAN 8405-PSCH 1-5-1
FCA O035F SPL-1","FOT 6413431 FIL 31",6413431,31
408,"CP 6413442 FIL 90
FCA PS04F SPL-6","MSAN 8405-PSCH 1-5-3","MSAN 8405-PSCH 1-5-3
FCA PS04F SPL-6","CP 6413442 FIL 90",6413442,90
409,"CP 6413442 FIL 3
FCA PS05F SPL-3","MSAN 8405-PSCH 1-6-1","MSAN 8405-PSCH 1-6-1
FCA PS05F SPL-3","CP 6413442 FIL 3",6413442,3
410,"CP 6413506 FIL 77
FCA O043F SPL-5","MSAN 8405-PSCH 1-6-3","MSAN 8405-PSCH 1-6-3
FCA O043F SPL-5","CP 6413506 FIL 77",6413506,77
411,"CP 6413506 FIL 78
FCA O043F SPL-6","MSAN 8405-PSCH 1-6-4","MSAN 8405-PSCH 1-6-4
FCA O043F SPL-6","CP 6413506 FIL 78",6413506,78
412,"CP 6413442 FIL 29
FCA PS06F SPL-5","MSAN 8405-PSCH 1-7-4","MSAN 8405-PSCH 1-7-4
FCA PS06F SPL-5","CP 6413442 FIL 29",6413442,29
413,"CP 6413227 FIL 269
FCA PS11F SPL-5","MSAN 8405-PSCH 1-7-6","MSAN 8405-PSCH 1-7-6
FCA PS11F SPL-5","CP 6413227 FIL 269",6413227,269
414,"CP 6413506 FIL 73
FCA O043F SPL-1","MSAN 8405-PSCH 1-8-5","MSAN 8405-PSCH 1-8-5
FCA O043F SPL-1","CP 6413506 FIL 73",6413506,73
415,"CP 6413506 FIL 74
FCA O043F SPL-2","MSAN 8405-PSCH 1-8-6","MSAN 8405-PSCH 1-8-6
FCA O043F SPL-2","CP 6413506 FIL 74",6413506,74
416,"CP 6413506 FIL 75
FCA O043F SPL-3","MSAN 8405-PSCH 1-8-7","MSAN 8405-PSCH 1-8-7
FCA O043F SPL-3","CP 6413506 FIL 75",6413506,75
417,"CP 6413275 FIL 36
FCA LALDF SPL-103","MSAN 8405-PSCH 1-8-8","MSAN 8405-PSCH 1-8-8
FCA LALDF SPL-103","CP 6413275 FIL 36",6413275,36
418,"CP 6413275 FIL 149
FCA PS15F SPL-5","MSAN 8405-PSCH 1-1-1","MSAN 8405-PSCH 1-1-1
FCA PS15F SPL-5","CP 6413275 FIL 149",6413275,149
419,"CP 6413442 FIL 97
FCA O044F SPL-1","MSAN 8405-PSCH 1-1-2","MSAN 8405-PSCH 1-1-2
FCA O044F SPL-1","CP 6413442 FIL 97",6413442,97
420,"CP 6413442 FIL 98
FCA O044F SPL-2","MSAN 8405-PSCH 1-1-3","MSAN 8405-PSCH 1-1-3
FCA O044F SPL-2","CP 6413442 FIL 98",6413442,98
421,"CP 6413442 FIL 52
FCA PS05F SPL-101","MSAN 8405-PSCH 1-1-5","MSAN 8405-PSCH 1-1-5
FCA PS05F SPL-101","CP 6413442 FIL 52",6413442,52
422,"CP 6413442 FIL 99
FCA O044F SPL-3","MSAN 8405-PSCH 1-1-4","MSAN 8405-PSCH 1-1-4
FCA O044F SPL-3","CP 6413442 FIL 99",6413442,99
423,"CP 6413442 FIL 53
FCA PS05F SPL-102","MSAN 8405-PSCH 1-1-6","MSAN 8405-PSCH 1-1-6
FCA PS05F SPL-102","CP 6413442 FIL 53",6413442,53
424,"CP 6413442 FIL 54
FCA PS05F SPL-103","MSAN 8405-PSCH 1-1-7","MSAN 8405-PSCH 1-1-7
FCA PS05F SPL-103","CP 6413442 FIL 54",6413442,54
425,"CP 6413442 FIL 55
FCA PS05F SPL-104","MSAN 8405-PSCH 1-1-8","MSAN 8405-PSCH 1-1-8
FCA PS05F SPL-104","CP 6413442 FIL 55",6413442,55
426,"CP 6413442 FIL 56
FCA PS05F SPL-105","MSAN 8405-PSCH 1-2-1","MSAN 8405-PSCH 1-2-1
FCA PS05F SPL-105","CP 6413442 FIL 56",6413442,56
427,"CP 6413442 FIL 31
FCA PS06F SPL-101","MSAN 8405-PSCH 1-2-2","MSAN 8405-PSCH 1-2-2
FCA PS06F SPL-101","CP 6413442 FIL 31",6413442,31
428,"CE SDLU-MDF FIL 5
FCA PSCHF SPL-101","MSAN 8405-PSCH 1-2-3","MSAN 8405-PSCH 1-2-3
FCA PSCHF SPL-101","CE SDLU-MDF FIL 5",SDLU-MDF,5
429,"CE SDLU-MDF FIL 6
FCA PSCHF SPL-102","MSAN 8405-PSCH 1-2-4","MSAN 8405-PSCH 1-2-4
FCA PSCHF SPL-102","CE SDLU-MDF FIL 6",SDLU-MDF,6
430,"CE SDLU-MDF FIL 7
FCA PSCHF SPL-103","MSAN 8405-PSCH 1-2-5","MSAN 8405-PSCH 1-2-5
FCA PSCHF SPL-103","CE SDLU-MDF FIL 7",SDLU-MDF,7
431,"CE SDLU-MDF FIL 8
FCA PSCHF SPL-104","MSAN 8405-PSCH 1-2-6","MSAN 8405-PSCH 1-2-6
FCA PSCHF SPL-104","CE SDLU-MDF FIL 8",SDLU-MDF,8
432,"CE SDLU-MDF FIL 9
FCA PSCHF SPL-105","MSAN 8405-PSCH 1-2-7","MSAN 8405-PSCH 1-2-7
FCA PSCHF SPL-105","CE SDLU-MDF FIL 9",SDLU-MDF,9
433,"CP 6413226 FIL 56
FCA ABLLF SPL-7","MSAN 8405-PSCH 1-2-8","MSAN 8405-PSCH 1-2-8
FCA ABLLF SPL-7","CP 6413226 FIL 56",6413226,56
434,"CP 6413227 FIL 177
FCA LGL2F SPL-103","MSAN 8405-PSCH 1-3-1","MSAN 8405-PSCH 1-3-1
FCA LGL2F SPL-103","CP 6413227 FIL 177",6413227,177
435,"CP 6413275 FIL 151
FCA PS15F SPL-102","MSAN 8405-PSCH 1-3-8","MSAN 8405-PSCH 1-3-8
FCA PS15F SPL-102","CP 6413275 FIL 151",6413275,151
436,"CP 6413227 FIL 178
FCA LGL2F SPL-104","MSAN 8405-PSCH 1-3-2","MSAN 8405-PSCH 1-3-2
FCA LGL2F SPL-104","CP 6413227 FIL 178",6413227,178
437,"CP 6413227 FIL 179
FCA LGL2F SPL-105","MSAN 8405-PSCH 1-3-3","MSAN 8405-PSCH 1-3-3
FCA LGL2F SPL-105","CP 6413227 FIL 179",6413227,179
438,"CP 6413227 FIL 180
FCA LGL2F SPL-106","MSAN 8405-PSCH 1-3-4","MSAN 8405-PSCH 1-3-4
FCA LGL2F SPL-106","CP 6413227 FIL 180",6413227,180
439,"CP 6413227 FIL 231
FCA GBUF SPL-103","MSAN 8405-PSCH 1-3-5","MSAN 8405-PSCH 1-3-5
FCA GBUF SPL-103","CP 6413227 FIL 231",6413227,231
440,"CP 6413227 FIL 254
FCA CDMSF SPL-102","MSAN 8405-PSCH 1-3-6","MSAN 8405-PSCH 1-3-6
FCA CDMSF SPL-102","CP 6413227 FIL 254",6413227,254
441,"CP 6413275 FIL 150
FCA PS15F SPL-101","MSAN 8405-PSCH 1-3-7","MSAN 8405-PSCH 1-3-7
FCA PS15F SPL-101","CP 6413275 FIL 150",6413275,150
442,"CP 6413275 FIL 152
FCA PS15F SPL-103","MSAN 8405-PSCH 1-4-1","MSAN 8405-PSCH 1-4-1
FCA PS15F SPL-103","CP 6413275 FIL 152",6413275,152
443,"CP 6413275 FIL 178
FCA PS16F SPL-103","MSAN 8405-PSCH 1-4-8","MSAN 8405-PSCH 1-4-8
FCA PS16F SPL-103","CP 6413275 FIL 178",6413275,178
444,"CP 6413275 FIL 153
FCA PS15F SPL-104","MSAN 8405-PSCH 1-4-2","MSAN 8405-PSCH 1-4-2
FCA PS15F SPL-104","CP 6413275 FIL 153",6413275,153
445,"CP 6413275 FIL 154
FCA PS15F SPL-105","MSAN 8405-PSCH 1-4-3","MSAN 8405-PSCH 1-4-3
FCA PS15F SPL-105","CP 6413275 FIL 154",6413275,154
446,"CP 6413266 FIL 57
FCA ABLLF SPL-8","MSAN 8405-PSCH 1-4-4","MSAN 8405-PSCH 1-4-4
FCA ABLLF SPL-8","CP 6413266 FIL 57",6413266,57
447,"CE SDLU-MDF FIL 10
FCA PSCHF SPL-5","MSAN 8405-PSCH 1-4-5","MSAN 8405-PSCH 1-4-5
FCA PSCHF SPL-5","CE SDLU-MDF FIL 10",SDLU-MDF,10
448,"CP 6413275 FIL 176
FCA PS16F SPL-101","MSAN 8405-PSCH 1-4-6","MSAN 8405-PSCH 1-4-6
FCA PS16F SPL-101","CP 6413275 FIL 176",6413275,176
449,"CP 6413275 FIL 177
FCA PS16F SPL-102","MSAN 8405-PSCH 1-4-7","MSAN 8405-PSCH 1-4-7
FCA PS16F SPL-102","CP 6413275 FIL 177",6413275,177
450,"CP 6413275 FIL 179
FCA PS16F SPL-105","MSAN 8405-PSCH 1-5-1","MSAN 8405-PSCH 1-5-1
FCA PS16F SPL-105","CP 6413275 FIL 179",6413275,179
451,"CP 6413275 FIL 180
FCA PS16F SPL-105","MSAN 8405-PSCH 1-5-2","MSAN 8405-PSCH 1-5-2
FCA PS16F SPL-105","CP 6413275 FIL 180",6413275,180
452,"CP 6413227 FIL 126
FCA LGLDF SPL-6","MSAN 8405-PSCH 1-5-3","MSAN 8405-PSCH 1-5-3
FCA LGLDF SPL-6","CP 6413227 FIL 126",6413227,126
453,"CP 6413506 FIL 76
FCA O043F SPL-4","MSAN 8405-PSCH 1-5-4","MSAN 8405-PSCH 1-5-4
FCA O043F SPL-4","CP 6413506 FIL 76",6413506,76
454,"CP 6413227 FIL 51
FCA O017F SPL-3","MSAN 8405-PSCH 1-5-5","MSAN 8405-PSCH 1-5-5
FCA O017F SPL-3","CP 6413227 FIL 51",6413227,51
455,"CP 6413227 FIL 57
FCA O018F SPL-3","MSAN 8405-PSCH 1-5-6","MSAN 8405-PSCH 1-5-6
FCA O018F SPL-3","CP 6413227 FIL 57",6413227,57
456,"CP 6413227 FIL 62
FCA O019F SPL-2","MSAN 8405-PSCH 1-5-7","MSAN 8405-PSCH 1-5-7
FCA O019F SPL-2","CP 6413227 FIL 62",6413227,62
457,"CP 6413275 FIL 14
FCA SDBEF SPL-14","MSAN 8405-PSCH 1-5-8","MSAN 8405-PSCH 1-5-8
FCA SDBEF SPL-14","CP 6413275 FIL 14",6413275,14
458,"CP 6413266 FIL 28
FCA PS09F SPL-4","MSAN 8405-PSCH 1-6-1","MSAN 8405-PSCH 1-6-1
FCA PS09F SPL-4","CP 6413266 FIL 28",6413266,28
459,"CP 6413506 FIL 79
FCA O043F SPL-7","MSAN 8405-PSCH 1-6-8","MSAN 8405-PSCH 1-6-8
FCA O043F SPL-7","CP 6413506 FIL 79",6413506,79
460,"CP 6413428 FIL 42
FCA ULLGF SPL-6","MSAN 8405-PSCH 1-6-2","MSAN 8405-PSCH 1-6-2
FCA ULLGF SPL-6","CP 6413428 FIL 42",6413428,42
461,"CP 6413442 FIL 73
FCA PS04F SPL-101","MSAN 8405-PSCH 1-6-3","MSAN 8405-PSCH 1-6-3
FCA PS04F SPL-101","CP 6413442 FIL 73",6413442,73
462,"CP 6413442 FIL 74
FCA PS04F SPL-102","MSAN 8405-PSCH 1-6-4","MSAN 8405-PSCH 1-6-4
FCA PS04F SPL-102","CP 6413442 FIL 74",6413442,74
463,"CP 6413442 FIL 75
FCA PS04F SPL-103","MSAN 8405-PSCH 1-6-5","MSAN 8405-PSCH 1-6-5
FCA PS04F SPL-103","CP 6413442 FIL 75",6413442,75
464,"CP 6413442 FIL 76
FCA PS04F SPL-104","MSAN 8405-PSCH 1-6-6","MSAN 8405-PSCH 1-6-6
FCA PS04F SPL-104","CP 6413442 FIL 76",6413442,76
465,"CP 6413226 FIL 29
FCA PS09F SPL-101","MSAN 8405-PSCH 1-6-7","MSAN 8405-PSCH 1-6-7
FCA PS09F SPL-101","CP 6413226 FIL 29",6413226,29
466,"CP 6413506 FIL 1
FCA O055F SPL-1","MSAN 8405-PSCH 1-7-1","MSAN 8405-PSCH 1-7-1
FCA O055F SPL-1","CP 6413506 FIL 1",6413506,1
467,"CP 6413506 FIL 2
FCA O055F SPL-2","MSAN 8405-PSCH 1-7-2","MSAN 8405-PSCH 1-7-2
FCA O055F SPL-2","CP 6413506 FIL 2",6413506,2
468,"CP 6413525 FIL 26
FCA O020F SPL-2","MSAN 8405-PSCH 1-7-3","MSAN 8405-PSCH 1-7-3
FCA O020F SPL-2","CP 6413525 FIL 26",6413525,26
470,"CE C/E SDLU MDF FIL 25
FCA RNGRF SPL-4","MSAN 9491-RNGR 1-1-4","MSAN 9491-RNGR 1-1-4
FCA RNGRF SPL-4","CE C/E SDLU MDF FIL 25","C/E SDLU MDF",25
471,"CE C/E SDLU MDF FIL 3
FCA RNGRF SPL-3","MSAN 9491-RNGR 1-1-3","MSAN 9491-RNGR 1-1-3
FCA RNGRF SPL-3","CE C/E SDLU MDF FIL 3","C/E SDLU MDF",3
472,"CE C/E SDLU MDF FIL 2
FCA RNGRF SPL-2","MSAN 9491-RNGR 1-1-2","MSAN 9491-RNGR 1-1-2
FCA RNGRF SPL-2","CE C/E SDLU MDF FIL 2","C/E SDLU MDF",2
473,"CE C/E SDLU MDF FIL 1
FCA RNGRF SPL-1","MSAN 9491-RNGR 1-1-1","MSAN 9491-RNGR 1-1-1
FCA RNGRF SPL-1","CE C/E SDLU MDF FIL 1","C/E SDLU MDF",1
474,"CE C/E SDLU MDF FIL 13
FCA RNGRF SPL-11","MSAN 9491-RNGR 1-3-3","MSAN 9491-RNGR 1-3-3
FCA RNGRF SPL-11","CE C/E SDLU MDF FIL 13","C/E SDLU MDF",13
475,"CE C/E SDLU MDF FIL 12
FCA RNGRF SPL-11","MSAN 9491-RNGR 1-3-2","MSAN 9491-RNGR 1-3-2
FCA RNGRF SPL-11","CE C/E SDLU MDF FIL 12","C/E SDLU MDF",12
476,"CE C/E SDLU MDF FIL 10
FCA RNGRF SPL-9","MSAN 9491-RNGR 1-3-1","MSAN 9491-RNGR 1-3-1
FCA RNGRF SPL-9","CE C/E SDLU MDF FIL 10","C/E SDLU MDF",10
477,"CE C/E SDLU MDF FIL 14
FCA RNGRF SPL-12","MSAN 9491-RNGR 1-3-4","MSAN 9491-RNGR 1-3-4
FCA RNGRF SPL-12","CE C/E SDLU MDF FIL 14","C/E SDLU MDF",14
478,"CE C/E SDLU MDF FIL 26
FCA RNGRF SPL-16","MSAN 9491-RNGR 1-4-4","MSAN 9491-RNGR 1-4-4
FCA RNGRF SPL-16","CE C/E SDLU MDF FIL 26","C/E SDLU MDF",26
479,"CE C/E SDLU MDF FIL 17
FCA RNGRF SPL-15","MSAN 9491-RNGR 1-4-3","MSAN 9491-RNGR 1-4-3
FCA RNGRF SPL-15","CE C/E SDLU MDF FIL 17","C/E SDLU MDF",17
480,"CE C/E SDLU MDF FIL 16
FCA RNGRF SPL-14","MSAN 9491-RNGR 1-4-2","MSAN 9491-RNGR 1-4-2
FCA RNGRF SPL-14","CE C/E SDLU MDF FIL 16","C/E SDLU MDF",16
481,"CE C/E SDLU MDF FIL 15
FCA RNGRF SPL-13","MSAN 9491-RNGR 1-4-1","MSAN 9491-RNGR 1-4-1
FCA RNGRF SPL-13","CE C/E SDLU MDF FIL 15","C/E SDLU MDF",15
482,"CP 6413449 FIL 1
FCA O026F SPL-1","MSAN 9491-RNGR 1-5-4","MSAN 9491-RNGR 1-5-4
FCA O026F SPL-1","CP 6413449 FIL 1",6413449,1
483,"CE C/E SDLU MDF FIL 18
FCA RNGRF SPL-19","MSAN 9491-RNGR 1-5-3","MSAN 9491-RNGR 1-5-3
FCA RNGRF SPL-19","CE C/E SDLU MDF FIL 18","C/E SDLU MDF",18
484,"CE C/E SDLU MDF FIL 27
FCA RNGRF SPL-17","MSAN 9491-RNGR 1-5-1","MSAN 9491-RNGR 1-5-1
FCA RNGRF SPL-17","CE C/E SDLU MDF FIL 27","C/E SDLU MDF",27
485,"CE C/E SDLU MDF FIL 28
FCA RNGRF SPL-18","MSAN 9491-RNGR 1-5-2","MSAN 9491-RNGR 1-5-2
FCA RNGRF SPL-18","CE C/E SDLU MDF FIL 28","C/E SDLU MDF",28
486,"CE 6413471 FIL 5
FCA RNGRF SPL-105","MSAN 9491-RNGR 1-7-4","MSAN 9491-RNGR 1-7-4
FCA RNGRF SPL-105","CE 6413471 FIL 5",6413471,5
487,"CE 6413471 FIL 4
FCA RNGRF SPL-104","MSAN 9491-RNGR 1-7-3","MSAN 9491-RNGR 1-7-3
FCA RNGRF SPL-104","CE 6413471 FIL 4",6413471,4
488,"CE 6413471 FIL 3
FCA RNGRF SPL-103","MSAN 9491-RNGR 1-7-2","MSAN 9491-RNGR 1-7-2
FCA RNGRF SPL-103","CE 6413471 FIL 3",6413471,3
489,"CE 6413471 FIL 2
FCA RNGRF SPL-102","MSAN 9491-RNGR 1-7-1","MSAN 9491-RNGR 1-7-1
FCA RNGRF SPL-102","CE 6413471 FIL 2",6413471,2
490,"CE 6413471 FIL 9
FCA RNGRF SPL-109","MSAN 9491-RNGR 1-8-4","MSAN 9491-RNGR 1-8-4
FCA RNGRF SPL-109","CE 6413471 FIL 9",6413471,9
491,"CE 6413471 FIL 8
FCA RNGRF SPL-108","MSAN 9491-RNGR 1-8-3","MSAN 9491-RNGR 1-8-3
FCA RNGRF SPL-108","CE 6413471 FIL 8",6413471,8
492,"CE 6413471 FIL 7
FCA RNGRF SPL-107","MSAN 9491-RNGR 1-8-2","MSAN 9491-RNGR 1-8-2
FCA RNGRF SPL-107","CE 6413471 FIL 7",6413471,7
493,"CE 6413471 FIL 6
FCA RNGRF SPL-106","MSAN 9491-RNGR 1-8-1","MSAN 9491-RNGR 1-8-1
FCA RNGRF SPL-106","CE 6413471 FIL 6",6413471,6
494,"CE 6413471 FIL 13
FCA RNGRF SPL-113","MSAN 9491-RNGR 1-9-4","MSAN 9491-RNGR 1-9-4
FCA RNGRF SPL-113","CE 6413471 FIL 13",6413471,13
495,"CE 6413471 FIL 10
FCA RNGRF SPL-110","MSAN 9491-RNGR 1-9-1","MSAN 9491-RNGR 1-9-1
FCA RNGRF SPL-110","CE 6413471 FIL 10",6413471,10
496,"CE 6413471 FIL 11
FCA RNGRF SPL-111","MSAN 9491-RNGR 1-9-2","MSAN 9491-RNGR 1-9-2
FCA RNGRF SPL-111","CE 6413471 FIL 11",6413471,11
497,"CE 6413471 FIL 12
FCA RNGRF SPL-112","MSAN 9491-RNGR 1-9-3","MSAN 9491-RNGR 1-9-3
FCA RNGRF SPL-112","CE 6413471 FIL 12",6413471,12
498,"CE 6413471 FIL 14
FCA RNGRF SPL-114","MSAN 9491-RNGR 1-0-1","MSAN 9491-RNGR 1-0-1
FCA RNGRF SPL-114","CE 6413471 FIL 14",6413471,14
499,"CE 6413471 FIL 17
FCA RNGRF SPL-117","MSAN 9491-RNGR 1-0-4","MSAN 9491-RNGR 1-0-4
FCA RNGRF SPL-117","CE 6413471 FIL 17",6413471,17
500,"CE 6413471 FIL 16
FCA RNGRF SPL-116","MSAN 9491-RNGR 1-0-3","MSAN 9491-RNGR 1-0-3
FCA RNGRF SPL-116","CE 6413471 FIL 16",6413471,16
501,"CE 6413471 FIL 15
FCA RNGRF SPL-115","MSAN 9491-RNGR 1-0-2","MSAN 9491-RNGR 1-0-2
FCA RNGRF SPL-115","CE 6413471 FIL 15",6413471,15
502,"CE 6413471 FIL 18
FCA RNGRF SPL-118","MSAN 9491-RNGR 1-1-1","MSAN 9491-RNGR 1-1-1
FCA RNGRF SPL-118","CE 6413471 FIL 18",6413471,18
503,"CE 6413471 FIL 19
FCA RNGRF SPL-119","MSAN 9491-RNGR 1-1-2","MSAN 9491-RNGR 1-1-2
FCA RNGRF SPL-119","CE 6413471 FIL 19",6413471,19
504,"CE 6413471 FIL 20
FCA RNGRF SPL-120","MSAN 9491-RNGR 1-1-3","MSAN 9491-RNGR 1-1-3
FCA RNGRF SPL-120","CE 6413471 FIL 20",6413471,20
505,"CE 6413471 FIL 21
FCA RNGRF SPL-121","MSAN 9491-RNGR 1-1-4","MSAN 9491-RNGR 1-1-4
FCA RNGRF SPL-121","CE 6413471 FIL 21",6413471,21
506,"CE 6413471 FIL 22
FCA RNGRF SPL-122","MSAN 9491-RNGR 1-2-2","MSAN 9491-RNGR 1-2-2
FCA RNGRF SPL-122","CE 6413471 FIL 22",6413471,22
507,"CP 6413133 FIL 85
FCA OS08 SPL-1","MSAN 9482-OSRN 1-1-1","MSAN 9482-OSRN 1-1-1
FCA OS08 SPL-1","CP 6413133 FIL 85",6413133,85
508,"CEMP 6413085 FIL 2
FCA EDIBF SPL-2","MSAN 9482-OSRN 1-1-2","MSAN 9482-OSRN 1-1-2
FCA EDIBF SPL-2","CEMP 6413085 FIL 2",6413085,2
509,"CP 6413133 FIL 1
FCA EDAHF SPL-1","MSAN 9482-OSRN 1-1-3","MSAN 9482-OSRN 1-1-3
FCA EDAHF SPL-1","CP 6413133 FIL 1",6413133,1
510,"CP 6413133 FIL 11
FCA OS02 SPL-3","MSAN 9482-OSRN 1-1-4","MSAN 9482-OSRN 1-1-4
FCA OS02 SPL-3","CP 6413133 FIL 11",6413133,11
511,"CP 6413117 FIL 49
FCA OS01F SPL-1","MSAN 9482-OSRN 1-2-1","MSAN 9482-OSRN 1-2-1
FCA OS01F SPL-1","CP 6413117 FIL 49",6413117,49
512,"CP 6413117 FIL 50
FCA OS01F SPL-2","MSAN 9482-OSRN 1-2-2","MSAN 9482-OSRN 1-2-2
FCA OS01F SPL-2","CP 6413117 FIL 50",6413117,50
513,"CP 6413117 FIL 73
FCA OS02F SPL-1","MSAN 9482-OSRN 1-2-3","MSAN 9482-OSRN 1-2-3
FCA OS02F SPL-1","CP 6413117 FIL 73",6413117,73
514,"CP 6413117 FIL 74
FCA OS02F SPL-2","MSAN 9482-OSRN 1-2-4","MSAN 9482-OSRN 1-2-4
FCA OS02F SPL-2","CP 6413117 FIL 74",6413117,74
515,"Anillo 6411002 LI FIL 7
FCA OS06F SPL-1","MSAN 9482-OSRN 1-3-1","MSAN 9482-OSRN 1-3-1
FCA OS06F SPL-1","Anillo 6411002 LI FIL 7","6411002 LI",7
516,"CP 6413368 FIL 97
FCA OS07F SPL-1","MSAN 9482-OSRN 1-3-2","MSAN 9482-OSRN 1-3-2
FCA OS07F SPL-1","CP 6413368 FIL 97",6413368,97
517,"CP 6413117 FIL 98
FCA LALGF SPL-2","MSAN 9482-OSRN 1-3-4","MSAN 9482-OSRN 1-3-4
FCA LALGF SPL-2","CP 6413117 FIL 98",6413117,98
518,"CP 6413368 FIL 25
FCA OS05F SPL-1","MSAN 9482-OSRN 1-4-1","MSAN 9482-OSRN 1-4-1
FCA OS05F SPL-1","CP 6413368 FIL 25",6413368,25
519,"CP 6413375 FIL 98
FCA OS03F SPL-2","MSAN 9482-OSRN 1-4-2","MSAN 9482-OSRN 1-4-2
FCA OS03F SPL-2","CP 6413375 FIL 98",6413375,98
520,"CP 6413375 FIL 99
FCA OS03F SPL-3","MSAN 9482-OSRN 1-4-3","MSAN 9482-OSRN 1-4-3
FCA OS03F SPL-3","CP 6413375 FIL 99",6413375,99
521,"FOT 6413486 FIL 17
FCA O036F SPL-5","MSAN 8409-LGRN 1-2-7","MSAN 8409-LGRN 1-2-7
FCA O036F SPL-5","FOT 6413486 FIL 17",6413486,17
522,"FOT 6413486 FIL 13
FCA O063F SPL-1","MSAN 8409-LGRN 1-2-1","MSAN 8409-LGRN 1-2-1
FCA O063F SPL-1","FOT 6413486 FIL 13",6413486,13
523,"FOT 6413486 FIL 14
FCA O063F SPL-2","MSAN 8409-LGRN 1-2-2","MSAN 8409-LGRN 1-2-2
FCA O063F SPL-2","FOT 6413486 FIL 14",6413486,14
524,"FOT 6413486 FIL 16
FCA O063F SPL-4","MSAN 8409-LGRN 1-2-4","MSAN 8409-LGRN 1-2-4
FCA O063F SPL-4","FOT 6413486 FIL 16",6413486,16
525,"FOT 6313518 FIL 13
FCA O078F SPL-1","MSAN 8409-LGRN 1-2-5","MSAN 8409-LGRN 1-2-5
FCA O078F SPL-1","FOT 6313518 FIL 13",6313518,13
526,"FOT 6313518 FIL 15
FCA O087F SPL-1","MSAN 8409-LGRN 1-2-6","MSAN 8409-LGRN 1-2-6
FCA O087F SPL-1","FOT 6313518 FIL 15",6313518,15
527,"CP 6413587 FIL 50
FCA O100F SPL-2","MSAN 8409-LGRN 1-3-1","MSAN 8409-LGRN 1-3-1
FCA O100F SPL-2","CP 6413587 FIL 50",6413587,50
528,"CP 6413587 FIL 13
FCA O101F SPL-1","MSAN 8409-LGRN 1-3-2","MSAN 8409-LGRN 1-3-2
FCA O101F SPL-1","CP 6413587 FIL 13",6413587,13
529,"CP 6413368 FIL 6
FCA OS14F SPL-102","MSAN 8413-OSRN 1-1-1","MSAN 8413-OSRN 1-1-1
FCA OS14F SPL-102","CP 6413368 FIL 6",6413368,6
530,"CP 6413375 FIL 104
FCA OS03F SPL-105","MSAN 8413-OSRN 1-1-2","MSAN 8413-OSRN 1-1-2
FCA OS03F SPL-105","CP 6413375 FIL 104",6413375,104
531,"CP 6413375 FIL 105
FCA OS03F SPL-106","MSAN 8413-OSRN 1-1-3","MSAN 8413-OSRN 1-1-3
FCA OS03F SPL-106","CP 6413375 FIL 105",6413375,105
532,"CP 6413375 FIL 106
FCA OS03F SPL-107","MSAN 8413-OSRN 1-1-4","MSAN 8413-OSRN 1-1-4
FCA OS03F SPL-107","CP 6413375 FIL 106",6413375,106
533,"CP 6413375 FIL 107
FCA OS03F SPL-108","MSAN 8413-OSRN 1-1-5","MSAN 8413-OSRN 1-1-5
FCA OS03F SPL-108","CP 6413375 FIL 107",6413375,107
534,"CP 6413375 FIL 108
FCA OS03F SPL-109","MSAN 8413-OSRN 1-1-6","MSAN 8413-OSRN 1-1-6
FCA OS03F SPL-109","CP 6413375 FIL 108",6413375,108
535,"CP 6413117 FIL 67
FCA LCLFF SPL-111","MSAN 8413-OSRN 1-1-7","MSAN 8413-OSRN 1-1-7
FCA LCLFF SPL-111","CP 6413117 FIL 67",6413117,67
536,"CP 6413117 FIL 68
FCA LCLFF SPL-112","MSAN 8413-OSRN 1-1-8","MSAN 8413-OSRN 1-1-8
FCA LCLFF SPL-112","CP 6413117 FIL 68",6413117,68
537,"CP 6413374 FIL 11
FCA AVLDF SPL-105","MSAN 8413-OSRN 1-2-8","MSAN 8413-OSRN 1-2-8
FCA AVLDF SPL-105","CP 6413374 FIL 11",6413374,11
538,"CP 6413374 FIL 10
FCA AVLDF SPL-104","MSAN 8413-OSRN 1-2-7","MSAN 8413-OSRN 1-2-7
FCA AVLDF SPL-104","CP 6413374 FIL 10",6413374,10
539,"CP 6413320 FIL 26
FCA OS01F SPL-111","MSAN 8413-OSRN 1-2-6","MSAN 8413-OSRN 1-2-6
FCA OS01F SPL-111","CP 6413320 FIL 26",6413320,26
540,"CP 6413368 FIL 7
FCA OS14F SPL-103","MSAN 8413-OSRN 1-2-5","MSAN 8413-OSRN 1-2-5
FCA OS14F SPL-103","CP 6413368 FIL 7",6413368,7
541,"CP 6413117 FIL 71
FCA LCLFF SPL-115","MSAN 8413-OSRN 1-2-3","MSAN 8413-OSRN 1-2-3
FCA LCLFF SPL-115","CP 6413117 FIL 71",6413117,71
542,"CP 6413117 FIL 70
FCA LCLFF SPL-114","MSAN 8413-OSRN 1-2-2","MSAN 8413-OSRN 1-2-2
FCA LCLFF SPL-114","CP 6413117 FIL 70",6413117,70
543,"CP 6413117 FIL 69
FCA LCLFF SPL-113","MSAN 8413-OSRN 1-2-1","MSAN 8413-OSRN 1-2-1
FCA LCLFF SPL-113","CP 6413117 FIL 69",6413117,69
544,"CP 6413368 FIL 8
FCA OS14F SPL-105","MSAN 8413-OSRN 1-3-6","MSAN 8413-OSRN 1-3-6
FCA OS14F SPL-105","CP 6413368 FIL 8",6413368,8
545,"CP 6413117 FIL 91
FCA OS02F SPL-109","MSAN 8413-OSRN 1-3-5","MSAN 8413-OSRN 1-3-5
FCA OS02F SPL-109","CP 6413117 FIL 91",6413117,91
546,"CP 6413117 FIL 88
FCA OS02F SPL-106","MSAN 8413-OSRN 1-3-2","MSAN 8413-OSRN 1-3-2
FCA OS02F SPL-106","CP 6413117 FIL 88",6413117,88
547,"CP 6413117 FIL 90
FCA OS02F SPL-108","MSAN 8413-OSRN 1-3-4","MSAN 8413-OSRN 1-3-4
FCA OS02F SPL-108","CP 6413117 FIL 90",6413117,90
548,"CP 6413117 FIL 89
FCA OS02F SPL-107","MSAN 8413-OSRN 1-3-3","MSAN 8413-OSRN 1-3-3
FCA OS02F SPL-107","CP 6413117 FIL 89",6413117,89
549,"CP 6413374 FIL 12
FCA AVLDF SPL-106","MSAN 8413-OSRN 1-3-1","MSAN 8413-OSRN 1-3-1
FCA AVLDF SPL-106","CP 6413374 FIL 12",6413374,12
550,"CP 6413320 FIL 27
FCA OS01F SPL-108","MSAN 8413-OSRN 1-4-2","MSAN 8413-OSRN 1-4-2
FCA OS01F SPL-108","CP 6413320 FIL 27",6413320,27
551,"CP 6413320 FIL 28
FCA OS01F SPL-110","MSAN 8413-OSRN 1-4-3","MSAN 8413-OSRN 1-4-3
FCA OS01F SPL-110","CP 6413320 FIL 28",6413320,28
552,"CP 6413368 FIL 82
FCA OS07F SPL-110","MSAN 8413-OSRN 1-4-4","MSAN 8413-OSRN 1-4-4
FCA OS07F SPL-110","CP 6413368 FIL 82",6413368,82
553,"CP 6413416 FIL 25
FCA EALTF SPL-1","MSAN 8413-OSRN 1-4-5","MSAN 8413-OSRN 1-4-5
FCA EALTF SPL-1","CP 6413416 FIL 25",6413416,25
554,"CP 6413416 FIL 26
FCA EALTF SPL-2","MSAN 8413-OSRN 1-4-6","MSAN 8413-OSRN 1-4-6
FCA EALTF SPL-2","CP 6413416 FIL 26",6413416,26
555,"CP 6413368 FIL 83
FCA OS07F SPL-111","MSAN 8413-OSRN 1-4-7","MSAN 8413-OSRN 1-4-7
FCA OS07F SPL-111","CP 6413368 FIL 83",6413368,83
556,"CP 6413368 FIL 84
FCA OS07F SPL-112","MSAN 8413-OSRN 1-4-8","MSAN 8413-OSRN 1-4-8
FCA OS07F SPL-112","CP 6413368 FIL 84",6413368,84
557,"CP 6413416 FIL 64
FCA O059F SPL-4","MSAN 8413-OSRN 1-4-9","MSAN 8413-OSRN 1-4-9
FCA O059F SPL-4","CP 6413416 FIL 64",6413416,64
558,"CP 6413416 FIL 65
FCA O059F SPL-5","MSAN 8413-OSRN 1-4-10","MSAN 8413-OSRN 1-4-10
FCA O059F SPL-5","CP 6413416 FIL 65",6413416,65
559,"CP 6413416 FIL 84
FCA OS06F SPL-106","MSAN 8413-OSRN 1-4-12","MSAN 8413-OSRN 1-4-12
FCA OS06F SPL-106","CP 6413416 FIL 84",6413416,84
560,"CP 6413368 FIL 85
FCA OS07F SPL-113","MSAN 8413-OSRN 1-4-13","MSAN 8413-OSRN 1-4-13
FCA OS07F SPL-113","CP 6413368 FIL 85",6413368,85
561,"CP 6413416 FIL 66
FCA O059F SPL-6","MSAN 8413-OSRN 1-4-11","MSAN 8413-OSRN 1-4-11
FCA O059F SPL-6","CP 6413416 FIL 66",6413416,66
562,"CP 6413396 FIL 1
FCA O068F SPL-101","MSAN 8415-ENLG 1-1-8","MSAN 8415-ENLG 1-1-8
FCA O068F SPL-101","CP 6413396 FIL 1",6413396,1
563,"CP 6413470 FIL 5
FCA ENLGF SPL-105","MSAN 8415-ENLG 1-1-5","MSAN 8415-ENLG 1-1-5
FCA ENLGF SPL-105","CP 6413470 FIL 5",6413470,5
564,"CP 6413470 FIL 4
FCA ENLGF SPL-104","MSAN 8415-ENLG 1-1-4","MSAN 8415-ENLG 1-1-4
FCA ENLGF SPL-104","CP 6413470 FIL 4",6413470,4
565,"CP 6413470 FIL 1
FCA ENLGF SPL-101","MSAN 8415-ENLG 1-1-1","MSAN 8415-ENLG 1-1-1
FCA ENLGF SPL-101","CP 6413470 FIL 1",6413470,1
566,"CP 6413470 FIL 2
FCA ENLGF SPL-102","MSAN 8415-ENLG 1-1-2","MSAN 8415-ENLG 1-1-2
FCA ENLGF SPL-102","CP 6413470 FIL 2",6413470,2
567,"CP 6413470 FIL 3
FCA ENLGF SPL-103","MSAN 8415-ENLG 1-1-3","MSAN 8415-ENLG 1-1-3
FCA ENLGF SPL-103","CP 6413470 FIL 3",6413470,3
568,"CP 6413396 FIL 2
FCA O068F SPL-102","MSAN 8415-ENLG 1-2-1","MSAN 8415-ENLG 1-2-1
FCA O068F SPL-102","CP 6413396 FIL 2",6413396,2
569,"CP 6413396 FIL 3
FCA O068F SPL-103","MSAN 8415-ENLG 1-2-2","MSAN 8415-ENLG 1-2-2
FCA O068F SPL-103","CP 6413396 FIL 3",6413396,3
570,"CP 6413396 FIL 4
FCA O068F SPL-104","MSAN 8415-ENLG 1-2-3","MSAN 8415-ENLG 1-2-3
FCA O068F SPL-104","CP 6413396 FIL 4",6413396,4
571,"CP 6413396 FIL 5
FCA O068F SPL-105","MSAN 8415-ENLG 1-2-4","MSAN 8415-ENLG 1-2-4
FCA O068F SPL-105","CP 6413396 FIL 5",6413396,5
572,"CP 6413396 FIL 25
FCA O052F SPL-1","MSAN 8415-ENLG 1-2-5","MSAN 8415-ENLG 1-2-5
FCA O052F SPL-1","CP 6413396 FIL 25",6413396,25
573,"CP 6413396 FIL 28
FCA O052F SPL-4","MSAN 8415-ENLG 1-2-8","MSAN 8415-ENLG 1-2-8
FCA O052F SPL-4","CP 6413396 FIL 28",6413396,28
574,"CP 6413396 FIL 27
FCA O052F SPL-3","MSAN 8415-ENLG 1-2-7","MSAN 8415-ENLG 1-2-7
FCA O052F SPL-3","CP 6413396 FIL 27",6413396,27
575,"CP 6413396 FIL 26
FCA O052F SPL-2","MSAN 8415-ENLG 1-2-6","MSAN 8415-ENLG 1-2-6
FCA O052F SPL-2","CP 6413396 FIL 26",6413396,26
576,"CP 6413396 FIL 6
FCA O068F SPL-106","MSAN 8415-ENLG 1-3-1","MSAN 8415-ENLG 1-3-1
FCA O068F SPL-106","CP 6413396 FIL 6",6413396,6
577,"CP 6413396 FIL 7
FCA O068F SPL-107","MSAN 8415-ENLG 1-3-2","MSAN 8415-ENLG 1-3-2
FCA O068F SPL-107","CP 6413396 FIL 7",6413396,7
578,"CP 6413396 FIL 8
FCA O068F SPL-108","MSAN 8415-ENLG 1-3-3","MSAN 8415-ENLG 1-3-3
FCA O068F SPL-108","CP 6413396 FIL 8",6413396,8
579,"CP 6413396 FIL 29
FCA O052F SPL-5","MSAN 8415-ENLG 1-3-4","MSAN 8415-ENLG 1-3-4
FCA O052F SPL-5","CP 6413396 FIL 29",6413396,29
580,"CP 6413396 FIL 30
FCA O052F SPL-6","MSAN 8415-ENLG 1-3-5","MSAN 8415-ENLG 1-3-5
FCA O052F SPL-6","CP 6413396 FIL 30",6413396,30
581,"CP 6413396 FIL 97
FCA O104F SPL-1","MSAN 8415-ENLG 1-3-6","MSAN 8415-ENLG 1-3-6
FCA O104F SPL-1","CP 6413396 FIL 97",6413396,97
582,"CP 6413396 FIL 98
FCA O104F SPL-2","MSAN 8415-ENLG 1-3-7","MSAN 8415-ENLG 1-3-7
FCA O104F SPL-2","CP 6413396 FIL 98",6413396,98
583,"CE Espejo ENLG FIL 1
FCA ENLGF SPL-1","MSAN 9481-ENLG 1-1-1","MSAN 9481-ENLG 1-1-1
FCA ENLGF SPL-1","CE Espejo ENLG FIL 1","Espejo ENLG",1
584,"CP 6413396 FIL 99
FCA O104F SPL-3","MSAN 8415-ENLG 1-3-8","MSAN 8415-ENLG 1-3-8
FCA O104F SPL-3","CP 6413396 FIL 99",6413396,99
585,"CE Espejo ENLG FIL 2
FCA ENLGF SPL-2","MSAN 9481-ENLG 1-1-2","MSAN 9481-ENLG 1-1-2
FCA ENLGF SPL-2","CE Espejo ENLG FIL 2","Espejo ENLG",2
586,"CE Espejo ENLG FIL 3
FCA ENLGF SPL-3","MSAN 9481-ENLG 1-1-3","MSAN 9481-ENLG 1-1-3
FCA ENLGF SPL-3","CE Espejo ENLG FIL 3","Espejo ENLG",3
587,"CE Espejo ENLG FIL 5
FCA ENLGF SPL-4","MSAN 9481-ENLG 1-1-4","MSAN 9481-ENLG 1-1-4
FCA ENLGF SPL-4","CE Espejo ENLG FIL 5","Espejo ENLG",5
588,"CP 6413396 FIL 100
FCA O104F SPL-4","MSAN 8415-ENLG 1-4-1","MSAN 8415-ENLG 1-4-1
FCA O104F SPL-4","CP 6413396 FIL 100",6413396,100
589,"CP 6413396 FIL 101
FCA O104F SPL-5","MSAN 8415-ENLG 1-4-2","MSAN 8415-ENLG 1-4-2
FCA O104F SPL-5","CP 6413396 FIL 101",6413396,101
590,"CP 6413396 FIL 9
FCA O068F SPL-109","MSAN 8415-ENLG 1-4-3","MSAN 8415-ENLG 1-4-3
FCA O068F SPL-109","CP 6413396 FIL 9",6413396,9
591,"CE Espejo ENLG FIL 6
FCA ENLGF SPL-4","MSAN 9481-ENLG 1-2-1","MSAN 9481-ENLG 1-2-1
FCA ENLGF SPL-4","CE Espejo ENLG FIL 6","Espejo ENLG",6
592,"CE Espejo ENLG FIL 7
FCA ENLGF SPL-6","MSAN 9481-ENLG 1-2-2","MSAN 9481-ENLG 1-2-2
FCA ENLGF SPL-6","CE Espejo ENLG FIL 7","Espejo ENLG",7
593,"CE Espejo ENLG FIL 9
FCA ENLGF SPL-7","MSAN 9481-ENLG 1-2-3","MSAN 9481-ENLG 1-2-3
FCA ENLGF SPL-7","CE Espejo ENLG FIL 9","Espejo ENLG",9
594,"CE Espejo ENLG FIL 8
FCA ENLGF SPL-8","MSAN 9481-ENLG 1-2-4","MSAN 9481-ENLG 1-2-4
FCA ENLGF SPL-8","CE Espejo ENLG FIL 8","Espejo ENLG",8
595,"CE Espejo ENLG FIL 11
FCA ENLGF SPL-9","MSAN 9481-ENLG 1-3-1","MSAN 9481-ENLG 1-3-1
FCA ENLGF SPL-9","CE Espejo ENLG FIL 11","Espejo ENLG",11
596,"CP 6413227 FIL 245
FCA CDSMF SPL-5","MSAN 9433-PSCH 1-8-2","MSAN 9433-PSCH 1-8-2
FCA CDSMF SPL-5","CP 6413227 FIL 245",6413227,245
597,"CP 6413227 FIL 246
FCA CDSMF SPL-6","MSAN 8405-PSCH 1-2-7","MSAN 8405-PSCH 1-2-7
FCA CDSMF SPL-6","CP 6413227 FIL 246",6413227,246
598,"CP 6413227 FIL 248
FCA CDSMF SPL-9","MSAN 8405-PSCH 1-4-5","MSAN 8405-PSCH 1-4-5
FCA CDSMF SPL-9","CP 6413227 FIL 248",6413227,248
599,"CP 6413227 FIL 251
FCA CDSMF SPL-101","MSAN 8405-PSCH 1-5-6","MSAN 8405-PSCH 1-5-6
FCA CDSMF SPL-101","CP 6413227 FIL 251",6413227,251
600,"CP 6413227 FIL 253
FCA CDSMF SPL-11","MSAN 8405-PSCH 1-2-5","MSAN 8405-PSCH 1-2-5
FCA CDSMF SPL-11","CP 6413227 FIL 253",6413227,253
601,"CP 6413227 FIL 255
FCA CDSMF SPL-103","MSAN 8412-PSCH 1-1-7","MSAN 8412-PSCH 1-1-7
FCA CDSMF SPL-103","CP 6413227 FIL 255",6413227,255
602,"CP 6413227 FIL 256
FCA CDSMF SPL-104","MSAN 8412-PSCH 1-1-9","MSAN 8412-PSCH 1-1-9
FCA CDSMF SPL-104","CP 6413227 FIL 256",6413227,256
603,"CP 6413227 FIL 257
FCA CDSMF SPL-105","MSAN 8412-PSCH 1-2-14","MSAN 8412-PSCH 1-2-14
FCA CDSMF SPL-105","CP 6413227 FIL 257",6413227,257
604,"CP 6413227 FIL 249
FCA CDSMF SPL-106","MSAN 8412-PSCH 1-6-2","MSAN 8412-PSCH 1-6-2
FCA CDSMF SPL-106","CP 6413227 FIL 249",6413227,249
605,"CP 6413227 FIL 250
FCA CDSMF SPL-7","MSAN 8405-PSCH 1-3-1","MSAN 8405-PSCH 1-3-1
FCA CDSMF SPL-7","CP 6413227 FIL 250",6413227,250
606,"CP 6413227 FIL 252
FCA CDSMF SPL-10","MSAN 9483-PSCH 1-2-2","MSAN 9483-PSCH 1-2-2
FCA CDSMF SPL-10","CP 6413227 FIL 252",6413227,252
607,"CP 6413227 FIL 241
FCA CDSMF SPL-1","MSAN 9483-PSCH 1-9-4","MSAN 9483-PSCH 1-9-4
FCA CDSMF SPL-1","CP 6413227 FIL 241",6413227,241
608,"CP 6413227 FIL 242
FCA CDSMF SPL-2","MSAN 9483-PSCH 1-0-3","MSAN 9483-PSCH 1-0-3
FCA CDSMF SPL-2","CP 6413227 FIL 242",6413227,242
609,"CP 6413227 FIL 243
FCA CDSMF SPL-3","MSAN 9483-PSCH 1-0-4","MSAN 9483-PSCH 1-0-4
FCA CDSMF SPL-3","CP 6413227 FIL 243",6413227,243
